year,season_id,date,home_team,home_team_id,home_team_score,home_team_conference,home_team_conference_id,home_team_slug,home_team_division,away_team,away_team_id,away_team_score,away_team_conference,away_team_conference_id,away_team_slug,away_team_division,neutral_site,innings,slug,game_info_url,contest_id
2012,10942,3/2/2012,UMES,393,4,MEAC,876,/team/393/10942,1,Cornell,167,15,Ivy League,865,/team/167/10942,1,NA,NA,/contests/758199/box_score,https://stats.ncaa.org/contests/758199/box_score,758199
2012,10942,3/2/2012,UMES,393,0,MEAC,876,/team/393/10942,1,Cornell,167,7,Ivy League,865,/team/167/10942,1,NA,NA,/contests/758212/box_score,https://stats.ncaa.org/contests/758212/box_score,758212
2012,10942,3/4/2012,UMES,393,5,MEAC,876,/team/393/10942,1,Cornell,167,7,Ivy League,865,/team/167/10942,1,NA,NA,/contests/759012/box_score,https://stats.ncaa.org/contests/759012/box_score,759012
2012,10942,3/4/2012,UMES,393,0,MEAC,876,/team/393/10942,1,Cornell,167,13,Ivy League,865,/team/167/10942,1,NA,NA,/contests/759063/box_score,https://stats.ncaa.org/contests/759063/box_score,759063
2012,10942,3/10/2012,George Washington,249,3,Atlantic 10,820,/team/249/10942,1,Cornell,167,6,Ivy League,865,/team/167/10942,1,NA,NA,/contests/760672/box_score,https://stats.ncaa.org/contests/760672/box_score,760672
2012,10942,3/10/2012,George Washington,249,3,Atlantic 10,820,/team/249/10942,1,Cornell,167,5,Ivy League,865,/team/167/10942,1,NA,NA,/contests/760773/box_score,https://stats.ncaa.org/contests/760773/box_score,760773
2012,10942,3/11/2012,George Washington,249,4,Atlantic 10,820,/team/249/10942,1,Cornell,167,3,Ivy League,865,/team/167/10942,1,NA,NA,/contests/761219/box_score,https://stats.ncaa.org/contests/761219/box_score,761219
2012,10942,3/11/2012,George Washington,249,3,Atlantic 10,820,/team/249/10942,1,Cornell,167,12,Ivy League,865,/team/167/10942,1,NA,NA,/contests/761247/box_score,https://stats.ncaa.org/contests/761247/box_score,761247
2012,10942,3/17/2012,Delaware St.,178,6,MEAC,876,/team/178/10942,1,Cornell,167,16,Ivy League,865,/team/167/10942,1,NA,NA,/contests/762970/box_score,https://stats.ncaa.org/contests/762970/box_score,762970
2012,10942,3/17/2012,Delaware St.,178,11,MEAC,876,/team/178/10942,1,Cornell,167,2,Ivy League,865,/team/167/10942,1,NA,NA,/contests/763109/box_score,https://stats.ncaa.org/contests/763109/box_score,763109
2012,10942,3/18/2012,Delaware St.,178,6,MEAC,876,/team/178/10942,1,Cornell,167,19,Ivy League,865,/team/167/10942,1,NA,NA,/contests/763374/box_score,https://stats.ncaa.org/contests/763374/box_score,763374
2012,10942,3/20/2012,Virginia Tech,742,9,ACC,821,/team/742/10942,1,Cornell,167,6,Ivy League,865,/team/167/10942,1,NA,NA,/contests/763834/box_score,https://stats.ncaa.org/contests/763834/box_score,763834
2012,10942,3/21/2012,Virginia Tech,742,5,ACC,821,/team/742/10942,1,Cornell,167,4,Ivy League,865,/team/167/10942,1,NA,NA,/contests/764073/box_score,https://stats.ncaa.org/contests/764073/box_score,764073
2012,10942,3/22/2012,Longwood,NA,1,NA,NA,NA,NA,Cornell,167,5,Ivy League,865,/team/167/10942,1,NA,NA,/contests/764306/box_score,https://stats.ncaa.org/contests/764306/box_score,764306
2012,10942,3/23/2012,Longwood,NA,3,NA,NA,NA,NA,Cornell,167,4,Ivy League,865,/team/167/10942,1,NA,NA,/contests/764645/box_score,https://stats.ncaa.org/contests/764645/box_score,764645
2012,10942,3/23/2012,Longwood,NA,1,NA,NA,NA,NA,Cornell,167,3,Ivy League,865,/team/167/10942,1,NA,NA,/contests/764682/box_score,https://stats.ncaa.org/contests/764682/box_score,764682
2012,10942,3/27/2012,UAlbany,14,2,America East,845,/team/14/10942,1,Cornell,167,5,Ivy League,865,/team/167/10942,1,NA,NA,/contests/766273/box_score,https://stats.ncaa.org/contests/766273/box_score,766273
2012,10942,3/27/2012,UAlbany,14,3,America East,845,/team/14/10942,1,Cornell,167,3,Ivy League,865,/team/167/10942,1,NA,NA,/contests/766296/box_score,https://stats.ncaa.org/contests/766296/box_score,766296
2012,10942,3/31/2012,Cornell,167,12,Ivy League,865,/team/167/10942,1,Harvard,275,7,Ivy League,865,/team/275/10942,1,NA,NA,/contests/767000/box_score,https://stats.ncaa.org/contests/767000/box_score,767000
2012,10942,3/31/2012,Cornell,167,2,Ivy League,865,/team/167/10942,1,Harvard,275,6,Ivy League,865,/team/275/10942,1,NA,NA,/contests/767304/box_score,https://stats.ncaa.org/contests/767304/box_score,767304
2012,10942,4/1/2012,Cornell,167,2,Ivy League,865,/team/167/10942,1,Dartmouth,172,0,Ivy League,865,/team/172/10942,1,NA,NA,/contests/767736/box_score,https://stats.ncaa.org/contests/767736/box_score,767736
2012,10942,4/2/2012,Cornell,167,5,Ivy League,865,/team/167/10942,1,Dartmouth,172,2,Ivy League,865,/team/172/10942,1,NA,NA,/contests/768223/box_score,https://stats.ncaa.org/contests/768223/box_score,768223
2012,10942,4/4/2012,Canisius,116,4,MAAC,871,/team/116/10942,1,Cornell,167,5,Ivy League,865,/team/167/10942,1,NA,NA,/contests/768790/box_score,https://stats.ncaa.org/contests/768790/box_score,768790
2012,10942,4/4/2012,Canisius,116,7,MAAC,871,/team/116/10942,1,Cornell,167,3,Ivy League,865,/team/167/10942,1,NA,NA,/contests/768804/box_score,https://stats.ncaa.org/contests/768804/box_score,768804
2012,10942,4/7/2012,Brown,80,9,Ivy League,865,/team/80/10942,1,Cornell,167,10,Ivy League,865,/team/167/10942,1,NA,11,/contests/770116/box_score,https://stats.ncaa.org/contests/770116/box_score,770116
2012,10942,4/7/2012,Brown,80,5,Ivy League,865,/team/80/10942,1,Cornell,167,12,Ivy League,865,/team/167/10942,1,NA,NA,/contests/770265/box_score,https://stats.ncaa.org/contests/770265/box_score,770265
2012,10942,4/8/2012,Yale,813,3,Ivy League,865,/team/813/10942,1,Cornell,167,5,Ivy League,865,/team/167/10942,1,NA,NA,/contests/770468/box_score,https://stats.ncaa.org/contests/770468/box_score,770468
2012,10942,4/8/2012,Yale,813,6,Ivy League,865,/team/813/10942,1,Cornell,167,8,Ivy League,865,/team/167/10942,1,NA,NA,/contests/770478/box_score,https://stats.ncaa.org/contests/770478/box_score,770478
2012,10942,4/11/2012,Cornell,167,4,Ivy League,865,/team/167/10942,1,Binghamton,62,6,America East,845,/team/62/10942,1,NA,NA,/contests/770955/box_score,https://stats.ncaa.org/contests/770955/box_score,770955
2012,10942,4/14/2012,Cornell,167,2,Ivy League,865,/team/167/10942,1,Columbia,158,1,Ivy League,865,/team/158/10942,1,NA,NA,/contests/771666/box_score,https://stats.ncaa.org/contests/771666/box_score,771666
2012,10942,4/14/2012,Cornell,167,3,Ivy League,865,/team/167/10942,1,Columbia,158,0,Ivy League,865,/team/158/10942,1,NA,NA,/contests/772384/box_score,https://stats.ncaa.org/contests/772384/box_score,772384
2012,10942,4/15/2012,Cornell,167,5,Ivy League,865,/team/167/10942,1,Columbia,158,4,Ivy League,865,/team/158/10942,1,NA,NA,/contests/772875/box_score,https://stats.ncaa.org/contests/772875/box_score,772875
2012,10942,4/15/2012,Cornell,167,1,Ivy League,865,/team/167/10942,1,Columbia,158,5,Ivy League,865,/team/158/10942,1,NA,NA,/contests/772943/box_score,https://stats.ncaa.org/contests/772943/box_score,772943
2012,10942,4/17/2012,Cornell,167,2,Ivy League,865,/team/167/10942,1,Siena,639,6,MAAC,871,/team/639/10942,1,NA,NA,/contests/773352/box_score,https://stats.ncaa.org/contests/773352/box_score,773352
2012,10942,4/17/2012,Cornell,167,4,Ivy League,865,/team/167/10942,1,Siena,639,5,MAAC,871,/team/639/10942,1,NA,NA,/contests/773384/box_score,https://stats.ncaa.org/contests/773384/box_score,773384
2012,10942,4/20/2012,Penn,540,0,Ivy League,865,/team/540/10942,1,Cornell,167,3,Ivy League,865,/team/167/10942,1,NA,NA,/contests/774045/box_score,https://stats.ncaa.org/contests/774045/box_score,774045
2012,10942,4/20/2012,Penn,540,5,Ivy League,865,/team/540/10942,1,Cornell,167,9,Ivy League,865,/team/167/10942,1,NA,NA,/contests/774093/box_score,https://stats.ncaa.org/contests/774093/box_score,774093
2012,10942,4/21/2012,Penn,540,0,Ivy League,865,/team/540/10942,1,Cornell,167,3,Ivy League,865,/team/167/10942,1,NA,NA,/contests/774685/box_score,https://stats.ncaa.org/contests/774685/box_score,774685
2012,10942,4/21/2012,Penn,540,4,Ivy League,865,/team/540/10942,1,Cornell,167,3,Ivy League,865,/team/167/10942,1,NA,NA,/contests/774865/box_score,https://stats.ncaa.org/contests/774865/box_score,774865
2012,10942,4/25/2012,Cornell,167,9,Ivy League,865,/team/167/10942,1,Binghamton,62,5,America East,845,/team/62/10942,1,NA,NA,/contests/775782/box_score,https://stats.ncaa.org/contests/775782/box_score,775782
2012,10942,4/27/2012,Cornell,167,3,Ivy League,865,/team/167/10942,1,Princeton,554,13,Ivy League,865,/team/554/10942,1,NA,NA,/contests/776229/box_score,https://stats.ncaa.org/contests/776229/box_score,776229
2012,10942,4/27/2012,Cornell,167,0,Ivy League,865,/team/167/10942,1,Princeton,554,1,Ivy League,865,/team/554/10942,1,NA,NA,/contests/776254/box_score,https://stats.ncaa.org/contests/776254/box_score,776254
2012,10942,4/29/2012,Princeton,554,6,Ivy League,865,/team/554/10942,1,Cornell,167,0,Ivy League,865,/team/167/10942,1,NA,NA,/contests/777266/box_score,https://stats.ncaa.org/contests/777266/box_score,777266
2012,10942,4/29/2012,Princeton,554,3,Ivy League,865,/team/554/10942,1,Cornell,167,4,Ivy League,865,/team/167/10942,1,NA,12,/contests/777335/box_score,https://stats.ncaa.org/contests/777335/box_score,777335
2012,10942,5/5/2012,Cornell,167,11,Ivy League,865,/team/167/10942,1,Dartmouth,172,3,Ivy League,865,/team/172/10942,1,NA,NA,/contests/778426/box_score,https://stats.ncaa.org/contests/778426/box_score,778426
2012,10942,5/5/2012,Dartmouth,172,7,Ivy League,865,/team/172/10942,1,Cornell,167,1,Ivy League,865,/team/167/10942,1,NA,NA,/contests/778512/box_score,https://stats.ncaa.org/contests/778512/box_score,778512
2012,10942,5/6/2012,Cornell,167,3,Ivy League,865,/team/167/10942,1,Dartmouth,172,1,Ivy League,865,/team/172/10942,1,NA,11,/contests/778841/box_score,https://stats.ncaa.org/contests/778841/box_score,778841
2012,10942,6/1/2012,North Carolina,457,7,ACC,821,/team/457/10942,1,Cornell,167,4,Ivy League,865,/team/167/10942,1,NA,NA,/contests/780800/box_score,https://stats.ncaa.org/contests/780800/box_score,780800
2012,10942,6/2/2012,Cornell,167,6,Ivy League,865,/team/167/10942,1,East Carolina,196,10,C-USA,24312,/team/196/10942,1,"Chapel Hill, N.C.",NA,/contests/780848/box_score,https://stats.ncaa.org/contests/780848/box_score,780848
2013,11320,3/1/2013,UMES,393,3,MEAC,876,/team/393/11320,1,Cornell,167,5,Ivy League,865,/team/167/11320,1,NA,10,/contests/660182/box_score,https://stats.ncaa.org/contests/660182/box_score,660182
2013,11320,3/1/2013,Cornell,167,3,Ivy League,865,/team/167/11320,1,Saint Peter's,617,4,MAAC,871,/team/617/11320,1,"Princess Anne, Md.",NA,/contests/660366/box_score,https://stats.ncaa.org/contests/660366/box_score,660366
2013,11320,3/2/2013,Cornell,167,3,Ivy League,865,/team/167/11320,1,Saint Peter's,617,2,MAAC,871,/team/617/11320,1,"Princess Anne, Md.",NA,/contests/660823/box_score,https://stats.ncaa.org/contests/660823/box_score,660823
2013,11320,3/3/2013,UMES,393,2,MEAC,876,/team/393/11320,1,Cornell,167,6,Ivy League,865,/team/167/11320,1,NA,NA,/contests/660899/box_score,https://stats.ncaa.org/contests/660899/box_score,660899
2013,11320,3/9/2013,George Washington,249,4,Atlantic 10,820,/team/249/11320,1,Cornell,167,3,Ivy League,865,/team/167/11320,1,NA,NA,/game/index/1877913?org_id=249,https://stats.ncaa.org/game/index/1877913?org_id=249,1877913
2013,11320,3/9/2013,George Washington,249,5,Atlantic 10,820,/team/249/11320,1,Cornell,167,3,Ivy League,865,/team/167/11320,1,NA,NA,/contests/662453/box_score,https://stats.ncaa.org/contests/662453/box_score,662453
2013,11320,3/10/2013,George Washington,249,1,Atlantic 10,820,/team/249/11320,1,Cornell,167,0,Ivy League,865,/team/167/11320,1,NA,NA,/contests/662852/box_score,https://stats.ncaa.org/contests/662852/box_score,662852
2013,11320,3/10/2013,George Washington,249,5,Atlantic 10,820,/team/249/11320,1,Cornell,167,7,Ivy League,865,/team/167/11320,1,NA,NA,/contests/662884/box_score,https://stats.ncaa.org/contests/662884/box_score,662884
2013,11320,3/16/2013,App State,27,9,SoCon,912,/team/27/11320,1,Cornell,167,4,Ivy League,865,/team/167/11320,1,NA,NA,/contests/664348/box_score,https://stats.ncaa.org/contests/664348/box_score,664348
2013,11320,3/16/2013,App State,27,5,SoCon,912,/team/27/11320,1,Cornell,167,15,Ivy League,865,/team/167/11320,1,NA,NA,/contests/664486/box_score,https://stats.ncaa.org/contests/664486/box_score,664486
2013,11320,3/17/2013,App State,27,4,SoCon,912,/team/27/11320,1,Cornell,167,8,Ivy League,865,/team/167/11320,1,NA,NA,/contests/664738/box_score,https://stats.ncaa.org/contests/664738/box_score,664738
2013,11320,3/19/2013,Davidson,173,9,SoCon,912,/team/173/11320,1,Cornell,167,10,Ivy League,865,/team/167/11320,1,NA,NA,/contests/665112/box_score,https://stats.ncaa.org/contests/665112/box_score,665112
2013,11320,3/20/2013,Davidson,173,2,SoCon,912,/team/173/11320,1,Cornell,167,3,Ivy League,865,/team/167/11320,1,NA,NA,/contests/665315/box_score,https://stats.ncaa.org/contests/665315/box_score,665315
2013,11320,3/22/2013,Villanova,739,2,AAC,823,/team/739/11320,1,Cornell,167,3,Ivy League,865,/team/167/11320,1,NA,NA,/contests/665580/box_score,https://stats.ncaa.org/contests/665580/box_score,665580
2013,11320,3/23/2013,Villanova,739,0,AAC,823,/team/739/11320,1,Cornell,167,4,Ivy League,865,/team/167/11320,1,NA,NA,/contests/665910/box_score,https://stats.ncaa.org/contests/665910/box_score,665910
2013,11320,3/24/2013,Villanova,739,1,AAC,823,/team/739/11320,1,Cornell,167,3,Ivy League,865,/team/167/11320,1,NA,NA,/contests/666539/box_score,https://stats.ncaa.org/contests/666539/box_score,666539
2013,11320,3/26/2013,Cornell,167,1,Ivy League,865,/team/167/11320,1,UAlbany,14,4,America East,845,/team/14/11320,1,NA,NA,/contests/666968/box_score,https://stats.ncaa.org/contests/666968/box_score,666968
2013,11320,3/26/2013,Cornell,167,5,Ivy League,865,/team/167/11320,1,UAlbany,14,4,America East,845,/team/14/11320,1,NA,NA,/contests/666991/box_score,https://stats.ncaa.org/contests/666991/box_score,666991
2013,11320,3/30/2013,Cornell,167,6,Ivy League,865,/team/167/11320,1,Brown,80,1,Ivy League,865,/team/80/11320,1,NA,NA,/contests/668176/box_score,https://stats.ncaa.org/contests/668176/box_score,668176
2013,11320,3/30/2013,Cornell,167,4,Ivy League,865,/team/167/11320,1,Brown,80,1,Ivy League,865,/team/80/11320,1,NA,NA,/contests/668363/box_score,https://stats.ncaa.org/contests/668363/box_score,668363
2013,11320,3/31/2013,Cornell,167,8,Ivy League,865,/team/167/11320,1,Yale,813,5,Ivy League,865,/team/813/11320,1,NA,NA,/contests/668622/box_score,https://stats.ncaa.org/contests/668622/box_score,668622
2013,11320,4/1/2013,Cornell,167,2,Ivy League,865,/team/167/11320,1,Yale,813,4,Ivy League,865,/team/813/11320,1,NA,NA,/contests/668679/box_score,https://stats.ncaa.org/contests/668679/box_score,668679
2013,11320,4/4/2013,Cornell,167,5,Ivy League,865,/team/167/11320,1,Canisius,116,14,MAAC,871,/team/116/11320,1,NA,NA,/contests/669272/box_score,https://stats.ncaa.org/contests/669272/box_score,669272
2013,11320,4/6/2013,Harvard,275,10,Ivy League,865,/team/275/11320,1,Cornell,167,7,Ivy League,865,/team/167/11320,1,NA,NA,/contests/669747/box_score,https://stats.ncaa.org/contests/669747/box_score,669747
2013,11320,4/6/2013,Harvard,275,1,Ivy League,865,/team/275/11320,1,Cornell,167,3,Ivy League,865,/team/167/11320,1,NA,NA,/game/index/2024494?org_id=275,https://stats.ncaa.org/game/index/2024494?org_id=275,2024494
2013,11320,4/7/2013,Dartmouth,172,1,Ivy League,865,/team/172/11320,1,Cornell,167,0,Ivy League,865,/team/167/11320,1,NA,NA,/contests/670641/box_score,https://stats.ncaa.org/contests/670641/box_score,670641
2013,11320,4/7/2013,Dartmouth,172,0,Ivy League,865,/team/172/11320,1,Cornell,167,3,Ivy League,865,/team/167/11320,1,NA,NA,/contests/670732/box_score,https://stats.ncaa.org/contests/670732/box_score,670732
2013,11320,4/13/2013,Columbia,158,8,Ivy League,865,/team/158/11320,1,Cornell,167,1,Ivy League,865,/team/167/11320,1,NA,NA,/contests/671884/box_score,https://stats.ncaa.org/contests/671884/box_score,671884
2013,11320,4/13/2013,Columbia,158,5,Ivy League,865,/team/158/11320,1,Cornell,167,0,Ivy League,865,/team/167/11320,1,NA,NA,/contests/672134/box_score,https://stats.ncaa.org/contests/672134/box_score,672134
2013,11320,4/14/2013,Columbia,158,4,Ivy League,865,/team/158/11320,1,Cornell,167,5,Ivy League,865,/team/167/11320,1,NA,10,/contests/672628/box_score,https://stats.ncaa.org/contests/672628/box_score,672628
2013,11320,4/14/2013,Columbia,158,5,Ivy League,865,/team/158/11320,1,Cornell,167,2,Ivy League,865,/team/167/11320,1,NA,NA,/contests/672733/box_score,https://stats.ncaa.org/contests/672733/box_score,672733
2013,11320,4/20/2013,Cornell,167,0,Ivy League,865,/team/167/11320,1,Penn,540,6,Ivy League,865,/team/540/11320,1,NA,NA,/contests/674001/box_score,https://stats.ncaa.org/contests/674001/box_score,674001
2013,11320,4/20/2013,Cornell,167,4,Ivy League,865,/team/167/11320,1,Penn,540,2,Ivy League,865,/team/540/11320,1,NA,NA,/contests/674256/box_score,https://stats.ncaa.org/contests/674256/box_score,674256
2013,11320,4/21/2013,Cornell,167,3,Ivy League,865,/team/167/11320,1,Penn,540,1,Ivy League,865,/team/540/11320,1,NA,NA,/contests/674710/box_score,https://stats.ncaa.org/contests/674710/box_score,674710
2013,11320,4/21/2013,Cornell,167,8,Ivy League,865,/team/167/11320,1,Penn,540,2,Ivy League,865,/team/540/11320,1,NA,NA,/contests/674826/box_score,https://stats.ncaa.org/contests/674826/box_score,674826
2013,11320,4/23/2013,Binghamton,62,6,America East,845,/team/62/11320,1,Cornell,167,5,Ivy League,865,/team/167/11320,1,NA,NA,/contests/675006/box_score,https://stats.ncaa.org/contests/675006/box_score,675006
2013,11320,4/26/2013,Princeton,554,2,Ivy League,865,/team/554/11320,1,Cornell,167,4,Ivy League,865,/team/167/11320,1,NA,NA,/contests/675769/box_score,https://stats.ncaa.org/contests/675769/box_score,675769
2013,11320,4/26/2013,Princeton,554,1,Ivy League,865,/team/554/11320,1,Cornell,167,2,Ivy League,865,/team/167/11320,1,NA,NA,/contests/675821/box_score,https://stats.ncaa.org/contests/675821/box_score,675821
2013,11320,4/28/2013,Cornell,167,2,Ivy League,865,/team/167/11320,1,Princeton,554,5,Ivy League,865,/team/554/11320,1,NA,10,/contests/676795/box_score,https://stats.ncaa.org/contests/676795/box_score,676795
2013,11320,4/28/2013,Cornell,167,1,Ivy League,865,/team/167/11320,1,Princeton,554,4,Ivy League,865,/team/554/11320,1,NA,NA,/contests/676871/box_score,https://stats.ncaa.org/contests/676871/box_score,676871
2014,11620,3/1/2014,Navy,726,4,Patriot,838,/team/726/11620,1,Cornell,167,2,Ivy League,865,/team/167/11620,1,NA,NA,/contests/589303/box_score,https://stats.ncaa.org/contests/589303/box_score,589303
2014,11620,3/1/2014,Navy,726,2,Patriot,838,/team/726/11620,1,Cornell,167,3,Ivy League,865,/team/167/11620,1,NA,NA,/contests/589421/box_score,https://stats.ncaa.org/contests/589421/box_score,589421
2014,11620,3/2/2014,Navy,726,2,Patriot,838,/team/726/11620,1,Cornell,167,4,Ivy League,865,/team/167/11620,1,NA,11,/contests/589676/box_score,https://stats.ncaa.org/contests/589676/box_score,589676
2014,11620,3/8/2014,George Washington,249,4,Atlantic 10,820,/team/249/11620,1,Cornell,167,3,Ivy League,865,/team/167/11620,1,NA,NA,/contests/590672/box_score,https://stats.ncaa.org/contests/590672/box_score,590672
2014,11620,3/8/2014,George Washington,249,2,Atlantic 10,820,/team/249/11620,1,Cornell,167,6,Ivy League,865,/team/167/11620,1,NA,NA,/contests/590780/box_score,https://stats.ncaa.org/contests/590780/box_score,590780
2014,11620,3/9/2014,George Washington,249,3,Atlantic 10,820,/team/249/11620,1,Cornell,167,4,Ivy League,865,/team/167/11620,1,NA,NA,/contests/591188/box_score,https://stats.ncaa.org/contests/591188/box_score,591188
2014,11620,3/9/2014,George Washington,249,1,Atlantic 10,820,/team/249/11620,1,Cornell,167,8,Ivy League,865,/team/167/11620,1,NA,NA,/contests/591246/box_score,https://stats.ncaa.org/contests/591246/box_score,591246
2014,11620,3/15/2014,James Madison,317,16,CAA,837,/team/317/11620,1,Cornell,167,15,Ivy League,865,/team/167/11620,1,NA,NA,/contests/592676/box_score,https://stats.ncaa.org/contests/592676/box_score,592676
2014,11620,3/15/2014,James Madison,317,8,CAA,837,/team/317/11620,1,Cornell,167,17,Ivy League,865,/team/167/11620,1,NA,NA,/contests/592849/box_score,https://stats.ncaa.org/contests/592849/box_score,592849
2014,11620,3/16/2014,James Madison,317,8,CAA,837,/team/317/11620,1,Cornell,167,14,Ivy League,865,/team/167/11620,1,NA,10,/contests/593215/box_score,https://stats.ncaa.org/contests/593215/box_score,593215
2014,11620,3/22/2014,Cornell,167,0,Ivy League,865,/team/167/11620,1,Sacred Heart,590,3,NEC,846,/team/590/11620,1,"Yaphank, NY",NA,/contests/594945/box_score,https://stats.ncaa.org/contests/594945/box_score,594945
2014,11620,3/22/2014,Cornell,167,3,Ivy League,865,/team/167/11620,1,Sacred Heart,590,5,NEC,846,/team/590/11620,1,"Yaphank, NY",NA,/contests/594959/box_score,https://stats.ncaa.org/contests/594959/box_score,594959
2014,11620,3/23/2014,Cornell,167,2,Ivy League,865,/team/167/11620,1,Sacred Heart,590,7,NEC,846,/team/590/11620,1,"Brooklyn, NY",NA,/contests/595300/box_score,https://stats.ncaa.org/contests/595300/box_score,595300
2014,11620,3/23/2014,Cornell,167,1,Ivy League,865,/team/167/11620,1,Sacred Heart,590,2,NEC,846,/team/590/11620,1,"Brooklyn, NY",NA,/contests/595316/box_score,https://stats.ncaa.org/contests/595316/box_score,595316
2014,11620,3/29/2014,Cornell,167,3,Ivy League,865,/team/167/11620,1,Dartmouth,172,2,Ivy League,865,/team/172/11620,1,NA,NA,/contests/596206/box_score,https://stats.ncaa.org/contests/596206/box_score,596206
2014,11620,3/29/2014,Cornell,167,4,Ivy League,865,/team/167/11620,1,Dartmouth,172,5,Ivy League,865,/team/172/11620,1,NA,11,/contests/596333/box_score,https://stats.ncaa.org/contests/596333/box_score,596333
2014,11620,4/1/2014,Cornell,167,5,Ivy League,865,/team/167/11620,1,Harvard,275,6,Ivy League,865,/team/275/11620,1,NA,10,/contests/597200/box_score,https://stats.ncaa.org/contests/597200/box_score,597200
2014,11620,4/1/2014,Cornell,167,6,Ivy League,865,/team/167/11620,1,Harvard,275,2,Ivy League,865,/team/275/11620,1,NA,NA,/contests/597210/box_score,https://stats.ncaa.org/contests/597210/box_score,597210
2014,11620,4/2/2014,George Mason,248,2,Atlantic 10,820,/team/248/11620,1,Cornell,167,1,Ivy League,865,/team/167/11620,1,NA,NA,/contests/597472/box_score,https://stats.ncaa.org/contests/597472/box_score,597472
2014,11620,4/2/2014,George Mason,248,2,Atlantic 10,820,/team/248/11620,1,Cornell,167,3,Ivy League,865,/team/167/11620,1,NA,NA,/contests/597495/box_score,https://stats.ncaa.org/contests/597495/box_score,597495
2014,11620,4/5/2014,Yale,813,1,Ivy League,865,/team/813/11620,1,Cornell,167,0,Ivy League,865,/team/167/11620,1,NA,NA,/contests/598231/box_score,https://stats.ncaa.org/contests/598231/box_score,598231
2014,11620,4/5/2014,Yale,813,4,Ivy League,865,/team/813/11620,1,Cornell,167,6,Ivy League,865,/team/167/11620,1,NA,NA,/contests/598477/box_score,https://stats.ncaa.org/contests/598477/box_score,598477
2014,11620,4/6/2014,Brown,80,1,Ivy League,865,/team/80/11620,1,Cornell,167,4,Ivy League,865,/team/167/11620,1,NA,NA,/contests/598791/box_score,https://stats.ncaa.org/contests/598791/box_score,598791
2014,11620,4/6/2014,Brown,80,5,Ivy League,865,/team/80/11620,1,Cornell,167,6,Ivy League,865,/team/167/11620,1,NA,NA,/contests/598911/box_score,https://stats.ncaa.org/contests/598911/box_score,598911
2014,11620,4/9/2014,Binghamton,62,1,America East,845,/team/62/11620,1,Cornell,167,6,Ivy League,865,/team/167/11620,1,NA,NA,/contests/599397/box_score,https://stats.ncaa.org/contests/599397/box_score,599397
2014,11620,4/12/2014,Penn,540,0,Ivy League,865,/team/540/11620,1,Cornell,167,9,Ivy League,865,/team/167/11620,1,NA,NA,/contests/600295/box_score,https://stats.ncaa.org/contests/600295/box_score,600295
2014,11620,4/12/2014,Penn,540,11,Ivy League,865,/team/540/11620,1,Cornell,167,2,Ivy League,865,/team/167/11620,1,NA,NA,/contests/600558/box_score,https://stats.ncaa.org/contests/600558/box_score,600558
2014,11620,4/13/2014,Penn,540,4,Ivy League,865,/team/540/11620,1,Cornell,167,2,Ivy League,865,/team/167/11620,1,NA,NA,/contests/601093/box_score,https://stats.ncaa.org/contests/601093/box_score,601093
2014,11620,4/13/2014,Penn,540,9,Ivy League,865,/team/540/11620,1,Cornell,167,2,Ivy League,865,/team/167/11620,1,NA,NA,/contests/601165/box_score,https://stats.ncaa.org/contests/601165/box_score,601165
2014,11620,4/17/2014,Cornell,167,0,Ivy League,865,/team/167/11620,1,Binghamton,62,7,America East,845,/team/62/11620,1,NA,NA,/contests/601773/box_score,https://stats.ncaa.org/contests/601773/box_score,601773
2014,11620,4/19/2014,Cornell,167,0,Ivy League,865,/team/167/11620,1,Columbia,158,1,Ivy League,865,/team/158/11620,1,NA,NA,/contests/602638/box_score,https://stats.ncaa.org/contests/602638/box_score,602638
2014,11620,4/19/2014,Cornell,167,0,Ivy League,865,/team/167/11620,1,Columbia,158,8,Ivy League,865,/team/158/11620,1,NA,NA,/contests/602823/box_score,https://stats.ncaa.org/contests/602823/box_score,602823
2014,11620,4/20/2014,Cornell,167,0,Ivy League,865,/team/167/11620,1,Columbia,158,2,Ivy League,865,/team/158/11620,1,NA,NA,/contests/603125/box_score,https://stats.ncaa.org/contests/603125/box_score,603125
2014,11620,4/20/2014,Cornell,167,4,Ivy League,865,/team/167/11620,1,Columbia,158,8,Ivy League,865,/team/158/11620,1,NA,NA,/contests/603136/box_score,https://stats.ncaa.org/contests/603136/box_score,603136
2014,11620,4/22/2014,Cornell,167,6,Ivy League,865,/team/167/11620,1,Binghamton,62,8,America East,845,/team/62/11620,1,NA,10,/contests/603316/box_score,https://stats.ncaa.org/contests/603316/box_score,603316
2014,11620,4/25/2014,Cornell,167,6,Ivy League,865,/team/167/11620,1,Princeton,554,4,Ivy League,865,/team/554/11620,1,NA,NA,/contests/604115/box_score,https://stats.ncaa.org/contests/604115/box_score,604115
2014,11620,4/25/2014,Cornell,167,4,Ivy League,865,/team/167/11620,1,Princeton,554,2,Ivy League,865,/team/554/11620,1,NA,NA,/contests/604180/box_score,https://stats.ncaa.org/contests/604180/box_score,604180
2014,11620,4/27/2014,Princeton,554,5,Ivy League,865,/team/554/11620,1,Cornell,167,4,Ivy League,865,/team/167/11620,1,NA,NA,/game/index/3346557?org_id=554,https://stats.ncaa.org/game/index/3346557?org_id=554,3346557
2014,11620,4/27/2014,Princeton,554,2,Ivy League,865,/team/554/11620,1,Cornell,167,4,Ivy League,865,/team/167/11620,1,NA,14,/contests/605093/box_score,https://stats.ncaa.org/contests/605093/box_score,605093
2015,12080,2/21/2015,Gardner-Webb,1092,2,Big South,826,/team/1092/12080,1,Cornell,167,1,Ivy League,865,/team/167/12080,1,NA,NA,/contests/405952/box_score,https://stats.ncaa.org/contests/405952/box_score,405952
2015,12080,2/21/2015,Gardner-Webb,1092,3,Big South,826,/team/1092/12080,1,Cornell,167,2,Ivy League,865,/team/167/12080,1,NA,NA,/contests/406032/box_score,https://stats.ncaa.org/contests/406032/box_score,406032
2015,12080,2/22/2015,Gardner-Webb,1092,2,Big South,826,/team/1092/12080,1,Cornell,167,1,Ivy League,865,/team/167/12080,1,NA,NA,/contests/406217/box_score,https://stats.ncaa.org/contests/406217/box_score,406217
2015,12080,2/27/2015,Cornell,167,0,Ivy League,865,/team/167/12080,1,Seton Hall,635,3,Big East,30184,/team/635/12080,1,"Myrtle Beach, S.C.",NA,/contests/406662/box_score,https://stats.ncaa.org/contests/406662/box_score,406662
2015,12080,2/28/2015,Cornell,167,4,Ivy League,865,/team/167/12080,1,Hartford,272,3,America East,845,/team/272/12080,1,"Myrtle Beach, S.C.",NA,/contests/406967/box_score,https://stats.ncaa.org/contests/406967/box_score,406967
2015,12080,3/1/2015,Cornell,167,4,Ivy League,865,/team/167/12080,1,Virginia,746,5,ACC,821,/team/746/12080,1,"Myrtle Beach, S.C.",NA,/contests/407168/box_score,https://stats.ncaa.org/contests/407168/box_score,407168
2015,12080,3/13/2015,Cornell,167,4,Ivy League,865,/team/167/12080,1,LIU,361,5,NEC,846,/team/361/12080,1,"Winter Haven, Fla.",12,/contests/409639/box_score,https://stats.ncaa.org/contests/409639/box_score,409639
2015,12080,3/14/2015,Cornell,167,9,Ivy League,865,/team/167/12080,1,Maine,380,13,America East,845,/team/380/12080,1,"Auburndale, Fla,",NA,/contests/409982/box_score,https://stats.ncaa.org/contests/409982/box_score,409982
2015,12080,3/14/2015,Bowling Green,71,6,MAC,875,/team/71/12080,1,Cornell,167,8,Ivy League,865,/team/167/12080,1,"Auburndale, Fla.",NA,/contests/409983/box_score,https://stats.ncaa.org/contests/409983/box_score,409983
2015,12080,3/15/2015,Cornell,167,2,Ivy League,865,/team/167/12080,1,Huntington,NA,7,NA,NA,NA,NA,"Lakeland, Fla.",NA,/contests/410455/box_score,https://stats.ncaa.org/contests/410455/box_score,410455
2015,12080,3/21/2015,Bucknell,83,0,Patriot,838,/team/83/12080,1,Cornell,167,3,Ivy League,865,/team/167/12080,1,NA,NA,/contests/411734/box_score,https://stats.ncaa.org/contests/411734/box_score,411734
2015,12080,3/21/2015,Bucknell,83,2,Patriot,838,/team/83/12080,1,Cornell,167,1,Ivy League,865,/team/167/12080,1,NA,NA,/contests/411902/box_score,https://stats.ncaa.org/contests/411902/box_score,411902
2015,12080,3/22/2015,Bucknell,83,2,Patriot,838,/team/83/12080,1,Cornell,167,1,Ivy League,865,/team/167/12080,1,NA,NA,/contests/412321/box_score,https://stats.ncaa.org/contests/412321/box_score,412321
2015,12080,3/22/2015,Bucknell,83,8,Patriot,838,/team/83/12080,1,Cornell,167,7,Ivy League,865,/team/167/12080,1,NA,NA,/contests/412391/box_score,https://stats.ncaa.org/contests/412391/box_score,412391
2015,12080,3/29/2015,Cornell,167,10,Ivy League,865,/team/167/12080,1,Yale,813,1,Ivy League,865,/team/813/12080,1,NA,NA,/contests/414083/box_score,https://stats.ncaa.org/contests/414083/box_score,414083
2015,12080,3/29/2015,Cornell,167,7,Ivy League,865,/team/167/12080,1,Yale,813,5,Ivy League,865,/team/813/12080,1,NA,NA,/contests/414195/box_score,https://stats.ncaa.org/contests/414195/box_score,414195
2015,12080,3/30/2015,Cornell,167,4,Ivy League,865,/team/167/12080,1,Brown,80,5,Ivy League,865,/team/80/12080,1,NA,NA,/contests/414358/box_score,https://stats.ncaa.org/contests/414358/box_score,414358
2015,12080,3/30/2015,Cornell,167,10,Ivy League,865,/team/167/12080,1,Brown,80,6,Ivy League,865,/team/80/12080,1,NA,NA,/contests/414417/box_score,https://stats.ncaa.org/contests/414417/box_score,414417
2015,12080,3/31/2015,Richmond,575,23,Atlantic 10,820,/team/575/12080,1,Cornell,167,7,Ivy League,865,/team/167/12080,1,NA,NA,/contests/414504/box_score,https://stats.ncaa.org/contests/414504/box_score,414504
2015,12080,4/1/2015,Towson,711,11,CAA,837,/team/711/12080,1,Cornell,167,5,Ivy League,865,/team/167/12080,1,NA,NA,/contests/414773/box_score,https://stats.ncaa.org/contests/414773/box_score,414773
2015,12080,4/4/2015,Dartmouth,172,0,Ivy League,865,/team/172/12080,1,Cornell,167,1,Ivy League,865,/team/167/12080,1,NA,NA,/contests/415783/box_score,https://stats.ncaa.org/contests/415783/box_score,415783
2015,12080,4/4/2015,Dartmouth,172,8,Ivy League,865,/team/172/12080,1,Cornell,167,5,Ivy League,865,/team/167/12080,1,NA,NA,/contests/415995/box_score,https://stats.ncaa.org/contests/415995/box_score,415995
2015,12080,4/5/2015,Harvard,275,14,Ivy League,865,/team/275/12080,1,Cornell,167,2,Ivy League,865,/team/167/12080,1,NA,NA,/contests/416302/box_score,https://stats.ncaa.org/contests/416302/box_score,416302
2015,12080,4/5/2015,Harvard,275,4,Ivy League,865,/team/275/12080,1,Cornell,167,5,Ivy League,865,/team/167/12080,1,NA,NA,/contests/416321/box_score,https://stats.ncaa.org/contests/416321/box_score,416321
2015,12080,4/7/2015,Cornell,167,3,Ivy League,865,/team/167/12080,1,Binghamton,62,7,America East,845,/team/62/12080,1,NA,NA,/contests/416676/box_score,https://stats.ncaa.org/contests/416676/box_score,416676
2015,12080,4/11/2015,Cornell,167,8,Ivy League,865,/team/167/12080,1,Penn,540,13,Ivy League,865,/team/540/12080,1,NA,NA,/contests/417481/box_score,https://stats.ncaa.org/contests/417481/box_score,417481
2015,12080,4/11/2015,Cornell,167,2,Ivy League,865,/team/167/12080,1,Penn,540,9,Ivy League,865,/team/540/12080,1,NA,NA,/contests/417741/box_score,https://stats.ncaa.org/contests/417741/box_score,417741
2015,12080,4/12/2015,Cornell,167,2,Ivy League,865,/team/167/12080,1,Penn,540,0,Ivy League,865,/team/540/12080,1,NA,NA,/contests/418219/box_score,https://stats.ncaa.org/contests/418219/box_score,418219
2015,12080,4/12/2015,Cornell,167,4,Ivy League,865,/team/167/12080,1,Penn,540,5,Ivy League,865,/team/540/12080,1,NA,NA,/contests/418349/box_score,https://stats.ncaa.org/contests/418349/box_score,418349
2015,12080,4/14/2015,Siena,639,9,MAAC,871,/team/639/12080,1,Cornell,167,2,Ivy League,865,/team/167/12080,1,NA,NA,/contests/418703/box_score,https://stats.ncaa.org/contests/418703/box_score,418703
2015,12080,4/18/2015,Columbia,158,4,Ivy League,865,/team/158/12080,1,Cornell,167,3,Ivy League,865,/team/167/12080,1,NA,NA,/contests/419684/box_score,https://stats.ncaa.org/contests/419684/box_score,419684
2015,12080,4/18/2015,Columbia,158,9,Ivy League,865,/team/158/12080,1,Cornell,167,8,Ivy League,865,/team/167/12080,1,NA,NA,/contests/419976/box_score,https://stats.ncaa.org/contests/419976/box_score,419976
2015,12080,4/19/2015,Columbia,158,10,Ivy League,865,/team/158/12080,1,Cornell,167,2,Ivy League,865,/team/167/12080,1,NA,NA,/contests/420453/box_score,https://stats.ncaa.org/contests/420453/box_score,420453
2015,12080,4/19/2015,Columbia,158,20,Ivy League,865,/team/158/12080,1,Cornell,167,5,Ivy League,865,/team/167/12080,1,NA,NA,/contests/420542/box_score,https://stats.ncaa.org/contests/420542/box_score,420542
2015,12080,4/24/2015,Princeton,554,1,Ivy League,865,/team/554/12080,1,Cornell,167,0,Ivy League,865,/team/167/12080,1,NA,NA,/contests/421514/box_score,https://stats.ncaa.org/contests/421514/box_score,421514
2015,12080,4/24/2015,Princeton,554,4,Ivy League,865,/team/554/12080,1,Cornell,167,13,Ivy League,865,/team/167/12080,1,NA,NA,/contests/421562/box_score,https://stats.ncaa.org/contests/421562/box_score,421562
2015,12080,4/26/2015,Cornell,167,10,Ivy League,865,/team/167/12080,1,Princeton,554,0,Ivy League,865,/team/554/12080,1,NA,NA,/contests/422436/box_score,https://stats.ncaa.org/contests/422436/box_score,422436
2015,12080,4/26/2015,Cornell,167,2,Ivy League,865,/team/167/12080,1,Princeton,554,1,Ivy League,865,/team/554/12080,1,NA,NA,/contests/422572/box_score,https://stats.ncaa.org/contests/422572/box_score,422572
2015,12080,4/29/2015,Cornell,167,1,Ivy League,865,/team/167/12080,1,Canisius,116,6,MAAC,871,/team/116/12080,1,NA,NA,/contests/423154/box_score,https://stats.ncaa.org/contests/423154/box_score,423154
2015,12080,4/29/2015,Cornell,167,4,Ivy League,865,/team/167/12080,1,Canisius,116,3,MAAC,871,/team/116/12080,1,NA,NA,/contests/423175/box_score,https://stats.ncaa.org/contests/423175/box_score,423175
2016,12360,3/5/2016,Cornell,167,0,Ivy League,865,/team/167/12360,1,Northeastern,500,6,CAA,837,/team/500/12360,1,"Winter Haven, Fla.",NA,/contests/295671/box_score,https://stats.ncaa.org/contests/295671/box_score,295671
2016,12360,3/5/2016,Cornell,167,7,Ivy League,865,/team/167/12360,1,Northeastern,500,5,CAA,837,/team/500/12360,1,"Winter Haven, Fla.",NA,/contests/295694/box_score,https://stats.ncaa.org/contests/295694/box_score,295694
2016,12360,3/6/2016,Cornell,167,0,Ivy League,865,/team/167/12360,1,Northeastern,500,11,CAA,837,/team/500/12360,1,"Winter Haven, Fla.",NA,/contests/296026/box_score,https://stats.ncaa.org/contests/296026/box_score,296026
2016,12360,3/12/2016,Wofford,2915,5,SoCon,912,/team/2915/12360,1,Cornell,167,1,Ivy League,865,/team/167/12360,1,NA,NA,/contests/297297/box_score,https://stats.ncaa.org/contests/297297/box_score,297297
2016,12360,3/12/2016,Wofford,2915,5,SoCon,912,/team/2915/12360,1,Cornell,167,12,Ivy League,865,/team/167/12360,1,NA,NA,/contests/297390/box_score,https://stats.ncaa.org/contests/297390/box_score,297390
2016,12360,3/13/2016,Wofford,2915,2,SoCon,912,/team/2915/12360,1,Cornell,167,6,Ivy League,865,/team/167/12360,1,NA,NA,/contests/297765/box_score,https://stats.ncaa.org/contests/297765/box_score,297765
2016,12360,3/18/2016,Bucknell,83,6,Patriot,838,/team/83/12360,1,Cornell,167,8,Ivy League,865,/team/167/12360,1,NA,11,/contests/298918/box_score,https://stats.ncaa.org/contests/298918/box_score,298918
2016,12360,3/19/2016,Bucknell,83,12,Patriot,838,/team/83/12360,1,Cornell,167,3,Ivy League,865,/team/167/12360,1,NA,NA,/contests/299188/box_score,https://stats.ncaa.org/contests/299188/box_score,299188
2016,12360,3/19/2016,Bucknell,83,2,Patriot,838,/team/83/12360,1,Cornell,167,5,Ivy League,865,/team/167/12360,1,NA,NA,/contests/299307/box_score,https://stats.ncaa.org/contests/299307/box_score,299307
2016,12360,3/20/2016,Bucknell,83,2,Patriot,838,/team/83/12360,1,Cornell,167,3,Ivy League,865,/team/167/12360,1,NA,NA,/contests/299803/box_score,https://stats.ncaa.org/contests/299803/box_score,299803
2016,12360,3/25/2016,UCF,128,4,AAC,823,/team/128/12360,1,Cornell,167,3,Ivy League,865,/team/167/12360,1,NA,NA,/contests/300670/box_score,https://stats.ncaa.org/contests/300670/box_score,300670
2016,12360,3/26/2016,UCF,128,8,AAC,823,/team/128/12360,1,Cornell,167,3,Ivy League,865,/team/167/12360,1,NA,NA,/contests/301083/box_score,https://stats.ncaa.org/contests/301083/box_score,301083
2016,12360,3/27/2016,UCF,128,16,AAC,823,/team/128/12360,1,Cornell,167,0,Ivy League,865,/team/167/12360,1,NA,NA,/contests/301629/box_score,https://stats.ncaa.org/contests/301629/box_score,301629
2016,12360,3/30/2016,Rollins,584,13,Sunshine State,919,/team/584/12360,2,Cornell,167,5,Ivy League,865,/team/167/12360,1,NA,NA,/contests/302151/box_score,https://stats.ncaa.org/contests/302151/box_score,302151
2016,12360,3/30/2016,Rollins,584,6,Sunshine State,919,/team/584/12360,2,Cornell,167,5,Ivy League,865,/team/167/12360,1,NA,NA,/contests/302176/box_score,https://stats.ncaa.org/contests/302176/box_score,302176
2016,12360,4/2/2016,Cornell,167,5,Ivy League,865,/team/167/12360,1,Harvard,275,1,Ivy League,865,/team/275/12360,1,NA,NA,/contests/302776/box_score,https://stats.ncaa.org/contests/302776/box_score,302776
2016,12360,4/2/2016,Cornell,167,6,Ivy League,865,/team/167/12360,1,Harvard,275,4,Ivy League,865,/team/275/12360,1,NA,NA,/contests/302947/box_score,https://stats.ncaa.org/contests/302947/box_score,302947
2016,12360,4/9/2016,Brown,80,4,Ivy League,865,/team/80/12360,1,Cornell,167,2,Ivy League,865,/team/167/12360,1,NA,NA,/contests/304436/box_score,https://stats.ncaa.org/contests/304436/box_score,304436
2016,12360,4/9/2016,Brown,80,7,Ivy League,865,/team/80/12360,1,Cornell,167,6,Ivy League,865,/team/167/12360,1,NA,NA,/contests/304574/box_score,https://stats.ncaa.org/contests/304574/box_score,304574
2016,12360,4/10/2016,Yale,813,4,Ivy League,865,/team/813/12360,1,Cornell,167,2,Ivy League,865,/team/167/12360,1,NA,11,/contests/304936/box_score,https://stats.ncaa.org/contests/304936/box_score,304936
2016,12360,4/10/2016,Yale,813,9,Ivy League,865,/team/813/12360,1,Cornell,167,8,Ivy League,865,/team/167/12360,1,NA,10,/contests/305005/box_score,https://stats.ncaa.org/contests/305005/box_score,305005
2016,12360,4/13/2016,Cornell,167,3,Ivy League,865,/team/167/12360,1,Binghamton,62,2,America East,845,/team/62/12360,1,NA,NA,/contests/305670/box_score,https://stats.ncaa.org/contests/305670/box_score,305670
2016,12360,4/16/2016,Cornell,167,9,Ivy League,865,/team/167/12360,1,Columbia,158,3,Ivy League,865,/team/158/12360,1,NA,NA,/contests/306554/box_score,https://stats.ncaa.org/contests/306554/box_score,306554
2016,12360,4/16/2016,Cornell,167,4,Ivy League,865,/team/167/12360,1,Columbia,158,14,Ivy League,865,/team/158/12360,1,NA,NA,/contests/306800/box_score,https://stats.ncaa.org/contests/306800/box_score,306800
2016,12360,4/17/2016,Cornell,167,7,Ivy League,865,/team/167/12360,1,Columbia,158,4,Ivy League,865,/team/158/12360,1,NA,NA,/contests/307237/box_score,https://stats.ncaa.org/contests/307237/box_score,307237
2016,12360,4/17/2016,Cornell,167,4,Ivy League,865,/team/167/12360,1,Columbia,158,3,Ivy League,865,/team/158/12360,1,NA,NA,/contests/307318/box_score,https://stats.ncaa.org/contests/307318/box_score,307318
2016,12360,4/20/2016,Cornell,167,1,Ivy League,865,/team/167/12360,1,Dartmouth,172,3,Ivy League,865,/team/172/12360,1,NA,NA,/contests/307923/box_score,https://stats.ncaa.org/contests/307923/box_score,307923
2016,12360,4/20/2016,Cornell,167,3,Ivy League,865,/team/167/12360,1,Dartmouth,172,9,Ivy League,865,/team/172/12360,1,NA,NA,/contests/307959/box_score,https://stats.ncaa.org/contests/307959/box_score,307959
2016,12360,4/23/2016,Penn,540,13,Ivy League,865,/team/540/12360,1,Cornell,167,2,Ivy League,865,/team/167/12360,1,NA,NA,/contests/308615/box_score,https://stats.ncaa.org/contests/308615/box_score,308615
2016,12360,4/23/2016,Penn,540,4,Ivy League,865,/team/540/12360,1,Cornell,167,7,Ivy League,865,/team/167/12360,1,NA,NA,/contests/308874/box_score,https://stats.ncaa.org/contests/308874/box_score,308874
2016,12360,4/24/2016,Penn,540,3,Ivy League,865,/team/540/12360,1,Cornell,167,2,Ivy League,865,/team/167/12360,1,NA,10,/contests/309468/box_score,https://stats.ncaa.org/contests/309468/box_score,309468
2016,12360,4/24/2016,Penn,540,16,Ivy League,865,/team/540/12360,1,Cornell,167,5,Ivy League,865,/team/167/12360,1,NA,NA,/contests/309491/box_score,https://stats.ncaa.org/contests/309491/box_score,309491
2016,12360,4/26/2016,Canisius,116,1,MAAC,871,/team/116/12360,1,Cornell,167,0,Ivy League,865,/team/167/12360,1,NA,NA,/contests/309657/box_score,https://stats.ncaa.org/contests/309657/box_score,309657
2016,12360,4/26/2016,Canisius,116,6,MAAC,871,/team/116/12360,1,Cornell,167,4,Ivy League,865,/team/167/12360,1,NA,NA,/contests/309674/box_score,https://stats.ncaa.org/contests/309674/box_score,309674
2016,12360,4/29/2016,Cornell,167,3,Ivy League,865,/team/167/12360,1,Princeton,554,4,Ivy League,865,/team/554/12360,1,NA,NA,/contests/310158/box_score,https://stats.ncaa.org/contests/310158/box_score,310158
2016,12360,4/29/2016,Cornell,167,1,Ivy League,865,/team/167/12360,1,Princeton,554,6,Ivy League,865,/team/554/12360,1,NA,NA,/contests/310197/box_score,https://stats.ncaa.org/contests/310197/box_score,310197
2016,12360,4/30/2016,Princeton,554,3,Ivy League,865,/team/554/12360,1,Cornell,167,4,Ivy League,865,/team/167/12360,1,NA,NA,/contests/310803/box_score,https://stats.ncaa.org/contests/310803/box_score,310803
2016,12360,4/30/2016,Princeton,554,7,Ivy League,865,/team/554/12360,1,Cornell,167,2,Ivy League,865,/team/167/12360,1,NA,NA,/contests/310854/box_score,https://stats.ncaa.org/contests/310854/box_score,310854
2017,12560,3/4/2017,Navy,726,2,Patriot,838,/team/726/12560,1,Cornell,167,5,Ivy League,865,/team/167/12560,1,NA,NA,/contests/208658/box_score,https://stats.ncaa.org/contests/208658/box_score,208658
2017,12560,3/4/2017,Navy,726,8,Patriot,838,/team/726/12560,1,Cornell,167,7,Ivy League,865,/team/167/12560,1,NA,NA,/contests/208741/box_score,https://stats.ncaa.org/contests/208741/box_score,208741
2017,12560,3/5/2017,Navy,726,5,Patriot,838,/team/726/12560,1,Cornell,167,8,Ivy League,865,/team/167/12560,1,NA,NA,/contests/209073/box_score,https://stats.ncaa.org/contests/209073/box_score,209073
2017,12560,3/10/2017,George Mason,248,3,Atlantic 10,820,/team/248/12560,1,Cornell,167,7,Ivy League,865,/team/167/12560,1,NA,NA,/contests/210190/box_score,https://stats.ncaa.org/contests/210190/box_score,210190
2017,12560,3/11/2017,George Mason,248,11,Atlantic 10,820,/team/248/12560,1,Cornell,167,4,Ivy League,865,/team/167/12560,1,NA,NA,/contests/210524/box_score,https://stats.ncaa.org/contests/210524/box_score,210524
2017,12560,3/12/2017,George Mason,248,3,Atlantic 10,820,/team/248/12560,1,Cornell,167,9,Ivy League,865,/team/167/12560,1,NA,NA,/contests/210943/box_score,https://stats.ncaa.org/contests/210943/box_score,210943
2017,12560,3/17/2017,Richmond,575,8,Atlantic 10,820,/team/575/12560,1,Cornell,167,7,Ivy League,865,/team/167/12560,1,NA,10,/contests/211734/box_score,https://stats.ncaa.org/contests/211734/box_score,211734
2017,12560,3/18/2017,Cornell,167,3,Ivy League,865,/team/167/12560,1,Campbell,115,2,Big South,826,/team/115/12560,1,NA,NA,/contests/212454/box_score,https://stats.ncaa.org/contests/212454/box_score,212454
2017,12560,3/19/2017,Cornell,167,2,Ivy League,865,/team/167/12560,1,Michigan St.,416,1,Big Ten,827,/team/416/12560,1,"Richmond, Va.",NA,/contests/212730/box_score,https://stats.ncaa.org/contests/212730/box_score,212730
2017,12560,3/25/2017,Bucknell,83,2,Patriot,838,/team/83/12560,1,Cornell,167,5,Ivy League,865,/team/167/12560,1,NA,NA,/contests/214002/box_score,https://stats.ncaa.org/contests/214002/box_score,214002
2017,12560,3/25/2017,Bucknell,83,4,Patriot,838,/team/83/12560,1,Cornell,167,11,Ivy League,865,/team/167/12560,1,NA,NA,/contests/214151/box_score,https://stats.ncaa.org/contests/214151/box_score,214151
2017,12560,3/26/2017,Bucknell,83,3,Patriot,838,/team/83/12560,1,Cornell,167,7,Ivy League,865,/team/167/12560,1,NA,NA,/contests/214540/box_score,https://stats.ncaa.org/contests/214540/box_score,214540
2017,12560,3/26/2017,Bucknell,83,1,Patriot,838,/team/83/12560,1,Cornell,167,0,Ivy League,865,/team/167/12560,1,NA,NA,/contests/214590/box_score,https://stats.ncaa.org/contests/214590/box_score,214590
2017,12560,3/29/2017,Penn St.,539,8,Big Ten,827,/team/539/12560,1,Cornell,167,2,Ivy League,865,/team/167/12560,1,NA,NA,/contests/215044/box_score,https://stats.ncaa.org/contests/215044/box_score,215044
2017,12560,4/1/2017,Cornell,167,1,Ivy League,865,/team/167/12560,1,Brown,80,8,Ivy League,865,/team/80/12560,1,NA,NA,/contests/215624/box_score,https://stats.ncaa.org/contests/215624/box_score,215624
2017,12560,4/1/2017,Cornell,167,4,Ivy League,865,/team/167/12560,1,Brown,80,7,Ivy League,865,/team/80/12560,1,NA,NA,/contests/215774/box_score,https://stats.ncaa.org/contests/215774/box_score,215774
2017,12560,4/2/2017,Cornell,167,2,Ivy League,865,/team/167/12560,1,Yale,813,7,Ivy League,865,/team/813/12560,1,NA,NA,/contests/216193/box_score,https://stats.ncaa.org/contests/216193/box_score,216193
2017,12560,4/2/2017,Cornell,167,6,Ivy League,865,/team/167/12560,1,Yale,813,4,Ivy League,865,/team/813/12560,1,NA,NA,/contests/216265/box_score,https://stats.ncaa.org/contests/216265/box_score,216265
2017,12560,4/4/2017,Georgetown,251,3,Big East,30184,/team/251/12560,1,Cornell,167,1,Ivy League,865,/team/167/12560,1,NA,NA,/contests/216643/box_score,https://stats.ncaa.org/contests/216643/box_score,216643
2017,12560,4/5/2017,Towson,711,14,CAA,837,/team/711/12560,1,Cornell,167,27,Ivy League,865,/team/167/12560,1,NA,NA,/contests/216861/box_score,https://stats.ncaa.org/contests/216861/box_score,216861
2017,12560,4/8/2017,Harvard,275,7,Ivy League,865,/team/275/12560,1,Cornell,167,5,Ivy League,865,/team/167/12560,1,NA,NA,/contests/217474/box_score,https://stats.ncaa.org/contests/217474/box_score,217474
2017,12560,4/8/2017,Harvard,275,5,Ivy League,865,/team/275/12560,1,Cornell,167,9,Ivy League,865,/team/167/12560,1,NA,NA,/contests/217685/box_score,https://stats.ncaa.org/contests/217685/box_score,217685
2017,12560,4/9/2017,Dartmouth,172,0,Ivy League,865,/team/172/12560,1,Cornell,167,2,Ivy League,865,/team/167/12560,1,NA,NA,/contests/218218/box_score,https://stats.ncaa.org/contests/218218/box_score,218218
2017,12560,4/9/2017,Dartmouth,172,5,Ivy League,865,/team/172/12560,1,Cornell,167,0,Ivy League,865,/team/167/12560,1,NA,NA,/contests/218309/box_score,https://stats.ncaa.org/contests/218309/box_score,218309
2017,12560,4/12/2017,Cornell,167,6,Ivy League,865,/team/167/12560,1,Binghamton,62,4,America East,845,/team/62/12560,1,NA,NA,/contests/218893/box_score,https://stats.ncaa.org/contests/218893/box_score,218893
2017,12560,4/15/2017,Columbia,158,7,Ivy League,865,/team/158/12560,1,Cornell,167,8,Ivy League,865,/team/167/12560,1,NA,NA,/contests/220021/box_score,https://stats.ncaa.org/contests/220021/box_score,220021
2017,12560,4/15/2017,Columbia,158,6,Ivy League,865,/team/158/12560,1,Cornell,167,12,Ivy League,865,/team/167/12560,1,NA,NA,/contests/220176/box_score,https://stats.ncaa.org/contests/220176/box_score,220176
2017,12560,4/16/2017,Columbia,158,5,Ivy League,865,/team/158/12560,1,Cornell,167,9,Ivy League,865,/team/167/12560,1,NA,NA,/contests/220430/box_score,https://stats.ncaa.org/contests/220430/box_score,220430
2017,12560,4/16/2017,Columbia,158,8,Ivy League,865,/team/158/12560,1,Cornell,167,7,Ivy League,865,/team/167/12560,1,NA,NA,/contests/220438/box_score,https://stats.ncaa.org/contests/220438/box_score,220438
2017,12560,4/22/2017,Cornell,167,0,Ivy League,865,/team/167/12560,1,Penn,540,5,Ivy League,865,/team/540/12560,1,NA,NA,/contests/221595/box_score,https://stats.ncaa.org/contests/221595/box_score,221595
2017,12560,4/22/2017,Cornell,167,2,Ivy League,865,/team/167/12560,1,Penn,540,0,Ivy League,865,/team/540/12560,1,NA,NA,/contests/221774/box_score,https://stats.ncaa.org/contests/221774/box_score,221774
2017,12560,4/23/2017,Cornell,167,0,Ivy League,865,/team/167/12560,1,Penn,540,4,Ivy League,865,/team/540/12560,1,NA,NA,/contests/222232/box_score,https://stats.ncaa.org/contests/222232/box_score,222232
2017,12560,4/23/2017,Cornell,167,2,Ivy League,865,/team/167/12560,1,Penn,540,3,Ivy League,865,/team/540/12560,1,NA,NA,/contests/222326/box_score,https://stats.ncaa.org/contests/222326/box_score,222326
2017,12560,4/26/2017,Binghamton,62,2,America East,845,/team/62/12560,1,Cornell,167,10,Ivy League,865,/team/167/12560,1,NA,NA,/contests/222835/box_score,https://stats.ncaa.org/contests/222835/box_score,222835
2017,12560,4/28/2017,Princeton,554,9,Ivy League,865,/team/554/12560,1,Cornell,167,7,Ivy League,865,/team/167/12560,1,NA,NA,/contests/223231/box_score,https://stats.ncaa.org/contests/223231/box_score,223231
2017,12560,4/28/2017,Princeton,554,9,Ivy League,865,/team/554/12560,1,Cornell,167,5,Ivy League,865,/team/167/12560,1,NA,NA,/contests/223282/box_score,https://stats.ncaa.org/contests/223282/box_score,223282
2017,12560,4/30/2017,Cornell,167,5,Ivy League,865,/team/167/12560,1,Princeton,554,1,Ivy League,865,/team/554/12560,1,NA,NA,/contests/224191/box_score,https://stats.ncaa.org/contests/224191/box_score,224191
2017,12560,4/30/2017,Cornell,167,13,Ivy League,865,/team/167/12560,1,Princeton,554,1,Ivy League,865,/team/554/12560,1,NA,NA,/contests/224232/box_score,https://stats.ncaa.org/contests/224232/box_score,224232
2018,12973,2/23/2018,Texas A&M,697,22,SEC,911,/team/697/12973,1,Cornell,167,0,Ivy League,865,/team/167/12973,1,NA,NA,/contests/86405/box_score,https://stats.ncaa.org/contests/86405/box_score,86405
2018,12973,2/23/2018,Texas A&M,697,3,SEC,911,/team/697/12973,1,Cornell,167,2,Ivy League,865,/team/167/12973,1,NA,NA,/contests/86469/box_score,https://stats.ncaa.org/contests/86469/box_score,86469
2018,12973,2/24/2018,Texas A&M,697,8,SEC,911,/team/697/12973,1,Cornell,167,2,Ivy League,865,/team/167/12973,1,NA,NA,/contests/86590/box_score,https://stats.ncaa.org/contests/86590/box_score,86590
2018,12973,3/2/2018,Duke,193,8,ACC,821,/team/193/12973,1,Cornell,167,3,Ivy League,865,/team/167/12973,1,NA,NA,/contests/87649/box_score,https://stats.ncaa.org/contests/87649/box_score,87649
2018,12973,3/3/2018,Duke,193,7,ACC,821,/team/193/12973,1,Cornell,167,2,Ivy League,865,/team/167/12973,1,NA,NA,/contests/87860/box_score,https://stats.ncaa.org/contests/87860/box_score,87860
2018,12973,3/4/2018,Duke,193,7,ACC,821,/team/193/12973,1,Cornell,167,2,Ivy League,865,/team/167/12973,1,NA,NA,/contests/88392/box_score,https://stats.ncaa.org/contests/88392/box_score,88392
2018,12973,3/17/2018,Fordham,236,4,Atlantic 10,820,/team/236/12973,1,Cornell,167,3,Ivy League,865,/team/167/12973,1,NA,10,/contests/91685/box_score,https://stats.ncaa.org/contests/91685/box_score,91685
2018,12973,3/17/2018,Fordham,236,3,Atlantic 10,820,/team/236/12973,1,Cornell,167,4,Ivy League,865,/team/167/12973,1,NA,10,/contests/91780/box_score,https://stats.ncaa.org/contests/91780/box_score,91780
2018,12973,3/18/2018,Fordham,236,5,Atlantic 10,820,/team/236/12973,1,Cornell,167,3,Ivy League,865,/team/167/12973,1,NA,NA,/contests/92125/box_score,https://stats.ncaa.org/contests/92125/box_score,92125
2018,12973,3/25/2018,Cornell,167,17,Ivy League,865,/team/167/12973,1,Niagara,482,5,MAAC,871,/team/482/12973,1,NA,NA,/contests/93734/box_score,https://stats.ncaa.org/contests/93734/box_score,93734
2018,12973,3/25/2018,Cornell,167,4,Ivy League,865,/team/167/12973,1,Niagara,482,7,MAAC,871,/team/482/12973,1,NA,NA,/contests/93781/box_score,https://stats.ncaa.org/contests/93781/box_score,93781
2018,12973,3/28/2018,Penn St.,539,6,Big Ten,827,/team/539/12973,1,Cornell,167,10,Ivy League,865,/team/167/12973,1,NA,NA,/contests/94272/box_score,https://stats.ncaa.org/contests/94272/box_score,94272
2018,12973,3/31/2018,Princeton,554,2,Ivy League,865,/team/554/12973,1,Cornell,167,5,Ivy League,865,/team/167/12973,1,NA,NA,/contests/95245/box_score,https://stats.ncaa.org/contests/95245/box_score,95245
2018,12973,3/31/2018,Princeton,554,10,Ivy League,865,/team/554/12973,1,Cornell,167,4,Ivy League,865,/team/167/12973,1,NA,NA,/contests/95394/box_score,https://stats.ncaa.org/contests/95394/box_score,95394
2018,12973,4/1/2018,Princeton,554,7,Ivy League,865,/team/554/12973,1,Cornell,167,6,Ivy League,865,/team/167/12973,1,NA,NA,/contests/95658/box_score,https://stats.ncaa.org/contests/95658/box_score,95658
2018,12973,4/4/2018,Cornell,167,6,Ivy League,865,/team/167/12973,1,Canisius,116,5,MAAC,871,/team/116/12973,1,NA,10,/contests/96008/box_score,https://stats.ncaa.org/contests/96008/box_score,96008
2018,12973,4/7/2018,Cornell,167,4,Ivy League,865,/team/167/12973,1,Yale,813,7,Ivy League,865,/team/813/12973,1,NA,NA,/contests/96634/box_score,https://stats.ncaa.org/contests/96634/box_score,96634
2018,12973,4/8/2018,Cornell,167,7,Ivy League,865,/team/167/12973,1,Yale,813,8,Ivy League,865,/team/813/12973,1,NA,10,/contests/97269/box_score,https://stats.ncaa.org/contests/97269/box_score,97269
2018,12973,4/9/2018,Cornell,167,4,Ivy League,865,/team/167/12973,1,Yale,813,7,Ivy League,865,/team/813/12973,1,NA,NA,/contests/97414/box_score,https://stats.ncaa.org/contests/97414/box_score,97414
2018,12973,4/10/2018,Cornell,167,5,Ivy League,865,/team/167/12973,1,Binghamton,62,5,America East,845,/team/62/12973,1,NA,10,/contests/97567/box_score,https://stats.ncaa.org/contests/97567/box_score,97567
2018,12973,4/14/2018,Cornell,167,2,Ivy League,865,/team/167/12973,1,Dartmouth,172,4,Ivy League,865,/team/172/12973,1,NA,NA,/contests/98702/box_score,https://stats.ncaa.org/contests/98702/box_score,98702
2018,12973,4/14/2018,Cornell,167,8,Ivy League,865,/team/167/12973,1,Dartmouth,172,3,Ivy League,865,/team/172/12973,1,NA,NA,/contests/98887/box_score,https://stats.ncaa.org/contests/98887/box_score,98887
2018,12973,4/15/2018,Cornell,167,3,Ivy League,865,/team/167/12973,1,Dartmouth,172,5,Ivy League,865,/team/172/12973,1,NA,NA,/contests/99227/box_score,https://stats.ncaa.org/contests/99227/box_score,99227
2018,12973,4/21/2018,Penn,540,9,Ivy League,865,/team/540/12973,1,Cornell,167,10,Ivy League,865,/team/167/12973,1,NA,NA,/contests/100492/box_score,https://stats.ncaa.org/contests/100492/box_score,100492
2018,12973,4/21/2018,Penn,540,9,Ivy League,865,/team/540/12973,1,Cornell,167,5,Ivy League,865,/team/167/12973,1,NA,NA,/contests/100697/box_score,https://stats.ncaa.org/contests/100697/box_score,100697
2018,12973,4/22/2018,Penn,540,6,Ivy League,865,/team/540/12973,1,Cornell,167,7,Ivy League,865,/team/167/12973,1,NA,NA,/contests/101099/box_score,https://stats.ncaa.org/contests/101099/box_score,101099
2018,12973,4/24/2018,Binghamton,62,3,America East,845,/team/62/12973,1,Cornell,167,12,Ivy League,865,/team/167/12973,1,NA,NA,/contests/101517/box_score,https://stats.ncaa.org/contests/101517/box_score,101517
2018,12973,4/28/2018,Cornell,167,10,Ivy League,865,/team/167/12973,1,Harvard,275,8,Ivy League,865,/team/275/12973,1,NA,NA,/contests/102510/box_score,https://stats.ncaa.org/contests/102510/box_score,102510
2018,12973,4/28/2018,Cornell,167,7,Ivy League,865,/team/167/12973,1,Harvard,275,4,Ivy League,865,/team/275/12973,1,NA,NA,/contests/102734/box_score,https://stats.ncaa.org/contests/102734/box_score,102734
2018,12973,4/29/2018,Cornell,167,2,Ivy League,865,/team/167/12973,1,Harvard,275,6,Ivy League,865,/team/275/12973,1,NA,NA,/contests/103060/box_score,https://stats.ncaa.org/contests/103060/box_score,103060
2018,12973,5/2/2018,Binghamton,62,11,America East,845,/team/62/12973,1,Cornell,167,1,Ivy League,865,/team/167/12973,1,NA,NA,/contests/103638/box_score,https://stats.ncaa.org/contests/103638/box_score,103638
2018,12973,5/5/2018,Brown,80,7,Ivy League,865,/team/80/12973,1,Cornell,167,10,Ivy League,865,/team/167/12973,1,NA,10,/contests/104308/box_score,https://stats.ncaa.org/contests/104308/box_score,104308
2018,12973,5/5/2018,Brown,80,7,Ivy League,865,/team/80/12973,1,Cornell,167,6,Ivy League,865,/team/167/12973,1,NA,NA,/contests/104430/box_score,https://stats.ncaa.org/contests/104430/box_score,104430
2018,12973,5/6/2018,Brown,80,2,Ivy League,865,/team/80/12973,1,Cornell,167,4,Ivy League,865,/team/167/12973,1,NA,NA,/contests/104679/box_score,https://stats.ncaa.org/contests/104679/box_score,104679
2018,12973,5/12/2018,Cornell,167,14,Ivy League,865,/team/167/12973,1,Columbia,158,2,Ivy League,865,/team/158/12973,1,NA,NA,/contests/105594/box_score,https://stats.ncaa.org/contests/105594/box_score,105594
2018,12973,5/12/2018,Cornell,167,2,Ivy League,865,/team/167/12973,1,Columbia,158,3,Ivy League,865,/team/158/12973,1,NA,NA,/contests/105602/box_score,https://stats.ncaa.org/contests/105602/box_score,105602
2018,12973,5/13/2018,Cornell,167,2,Ivy League,865,/team/167/12973,1,Columbia,158,3,Ivy League,865,/team/158/12973,1,NA,NA,/contests/105749/box_score,https://stats.ncaa.org/contests/105749/box_score,105749
2019,15204,2/22/2019,Baylor,51,17,Big 12,25354,/team/51/15204,1,Cornell,167,0,Ivy League,865,/team/167/15204,1,NA,NA,/contests/1648653/box_score,https://stats.ncaa.org/contests/1648653/box_score,1648653
2019,15204,2/23/2019,Baylor,51,10,Big 12,25354,/team/51/15204,1,Cornell,167,3,Ivy League,865,/team/167/15204,1,NA,NA,/contests/1648919/box_score,https://stats.ncaa.org/contests/1648919/box_score,1648919
2019,15204,2/24/2019,Baylor,51,12,Big 12,25354,/team/51/15204,1,Cornell,167,4,Ivy League,865,/team/167/15204,1,NA,NA,/contests/1649294/box_score,https://stats.ncaa.org/contests/1649294/box_score,1649294
2019,15204,3/1/2019,VCU,740,6,Atlantic 10,820,/team/740/15204,1,Cornell,167,1,Ivy League,865,/team/167/15204,1,NA,NA,/contests/1649837/box_score,https://stats.ncaa.org/contests/1649837/box_score,1649837
2019,15204,3/2/2019,VCU,740,2,Atlantic 10,820,/team/740/15204,1,Cornell,167,0,Ivy League,865,/team/167/15204,1,NA,NA,/contests/1650098/box_score,https://stats.ncaa.org/contests/1650098/box_score,1650098
2019,15204,3/2/2019,VCU,740,9,Atlantic 10,820,/team/740/15204,1,Cornell,167,3,Ivy League,865,/team/167/15204,1,NA,NA,/contests/1715894/box_score,https://stats.ncaa.org/contests/1715894/box_score,1715894
2019,15204,3/9/2019,Navy,726,2,Patriot,838,/team/726/15204,1,Cornell,167,1,Ivy League,865,/team/167/15204,1,NA,NA,/contests/1651625/box_score,https://stats.ncaa.org/contests/1651625/box_score,1651625
2019,15204,3/9/2019,Navy,726,2,Patriot,838,/team/726/15204,1,Cornell,167,3,Ivy League,865,/team/167/15204,1,NA,11,/contests/1667512/box_score,https://stats.ncaa.org/contests/1667512/box_score,1667512
2019,15204,3/10/2019,Navy,726,5,Patriot,838,/team/726/15204,1,Cornell,167,1,Ivy League,865,/team/167/15204,1,NA,NA,/contests/1651980/box_score,https://stats.ncaa.org/contests/1651980/box_score,1651980
2019,15204,3/16/2019,Towson,711,2,CAA,837,/team/711/15204,1,Cornell,167,4,Ivy League,865,/team/167/15204,1,NA,NA,/contests/1653187/box_score,https://stats.ncaa.org/contests/1653187/box_score,1653187
2019,15204,3/16/2019,Cornell,167,1,Ivy League,865,/team/167/15204,1,Fordham,236,0,Atlantic 10,820,/team/236/15204,1,"Towson, MD",NA,/contests/1653304/box_score,https://stats.ncaa.org/contests/1653304/box_score,1653304
2019,15204,3/17/2019,Towson,711,3,CAA,837,/team/711/15204,1,Cornell,167,2,Ivy League,865,/team/167/15204,1,NA,NA,/contests/1653610/box_score,https://stats.ncaa.org/contests/1653610/box_score,1653610
2019,15204,3/23/2019,Columbia,158,3,Ivy League,865,/team/158/15204,1,Cornell,167,0,Ivy League,865,/team/167/15204,1,NA,NA,/contests/1720409/box_score,https://stats.ncaa.org/contests/1720409/box_score,1720409
2019,15204,3/24/2019,Columbia,158,3,Ivy League,865,/team/158/15204,1,Cornell,167,4,Ivy League,865,/team/167/15204,1,NA,NA,/contests/1654893/box_score,https://stats.ncaa.org/contests/1654893/box_score,1654893
2019,15204,3/24/2019,Columbia,158,13,Ivy League,865,/team/158/15204,1,Cornell,167,8,Ivy League,865,/team/167/15204,1,NA,NA,/contests/1668543/box_score,https://stats.ncaa.org/contests/1668543/box_score,1668543
2019,15204,3/30/2019,Yale,813,0,Ivy League,865,/team/813/15204,1,Cornell,167,3,Ivy League,865,/team/167/15204,1,NA,NA,/contests/1656406/box_score,https://stats.ncaa.org/contests/1656406/box_score,1656406
2019,15204,3/30/2019,Yale,813,2,Ivy League,865,/team/813/15204,1,Cornell,167,0,Ivy League,865,/team/167/15204,1,NA,NA,/contests/1666035/box_score,https://stats.ncaa.org/contests/1666035/box_score,1666035
2019,15204,4/1/2019,Yale,813,7,Ivy League,865,/team/813/15204,1,Cornell,167,2,Ivy League,865,/team/167/15204,1,NA,NA,/contests/1656869/box_score,https://stats.ncaa.org/contests/1656869/box_score,1656869
2019,15204,4/2/2019,Cornell,167,8,Ivy League,865,/team/167/15204,1,St. Bonaventure,596,1,Atlantic 10,820,/team/596/15204,1,NA,NA,/contests/1657047/box_score,https://stats.ncaa.org/contests/1657047/box_score,1657047
2019,15204,4/3/2019,Army West Point,725,1,Patriot,838,/team/725/15204,1,Cornell,167,4,Ivy League,865,/team/167/15204,1,NA,NA,/contests/1657366/box_score,https://stats.ncaa.org/contests/1657366/box_score,1657366
2019,15204,4/6/2019,Cornell,167,3,Ivy League,865,/team/167/15204,1,Brown,80,11,Ivy League,865,/team/80/15204,1,NA,NA,/contests/1657875/box_score,https://stats.ncaa.org/contests/1657875/box_score,1657875
2019,15204,4/6/2019,Cornell,167,1,Ivy League,865,/team/167/15204,1,Brown,80,2,Ivy League,865,/team/80/15204,1,NA,NA,/contests/1667892/box_score,https://stats.ncaa.org/contests/1667892/box_score,1667892
2019,15204,4/7/2019,Cornell,167,3,Ivy League,865,/team/167/15204,1,Brown,80,7,Ivy League,865,/team/80/15204,1,NA,NA,/contests/1658264/box_score,https://stats.ncaa.org/contests/1658264/box_score,1658264
2019,15204,4/9/2019,Cornell,167,4,Ivy League,865,/team/167/15204,1,Binghamton,62,8,America East,845,/team/62/15204,1,NA,NA,/contests/1658588/box_score,https://stats.ncaa.org/contests/1658588/box_score,1658588
2019,15204,4/13/2019,Harvard,275,8,Ivy League,865,/team/275/15204,1,Cornell,167,6,Ivy League,865,/team/167/15204,1,NA,NA,/contests/1659523/box_score,https://stats.ncaa.org/contests/1659523/box_score,1659523
2019,15204,4/13/2019,Harvard,275,7,Ivy League,865,/team/275/15204,1,Cornell,167,1,Ivy League,865,/team/167/15204,1,NA,NA,/contests/1666460/box_score,https://stats.ncaa.org/contests/1666460/box_score,1666460
2019,15204,4/14/2019,Harvard,275,0,Ivy League,865,/team/275/15204,1,Cornell,167,2,Ivy League,865,/team/167/15204,1,NA,NA,/contests/1659989/box_score,https://stats.ncaa.org/contests/1659989/box_score,1659989
2019,15204,4/20/2019,Cornell,167,2,Ivy League,865,/team/167/15204,1,Princeton,554,7,Ivy League,865,/team/554/15204,1,NA,NA,/contests/1661187/box_score,https://stats.ncaa.org/contests/1661187/box_score,1661187
2019,15204,4/20/2019,Cornell,167,15,Ivy League,865,/team/167/15204,1,Princeton,554,9,Ivy League,865,/team/554/15204,1,NA,NA,/contests/1668420/box_score,https://stats.ncaa.org/contests/1668420/box_score,1668420
2019,15204,4/21/2019,Cornell,167,2,Ivy League,865,/team/167/15204,1,Princeton,554,4,Ivy League,865,/team/554/15204,1,NA,NA,/contests/1661526/box_score,https://stats.ncaa.org/contests/1661526/box_score,1661526
2019,15204,4/27/2019,Cornell,167,2,Ivy League,865,/team/167/15204,1,Penn,540,6,Ivy League,865,/team/540/15204,1,NA,NA,/contests/1662436/box_score,https://stats.ncaa.org/contests/1662436/box_score,1662436
2019,15204,4/27/2019,Cornell,167,4,Ivy League,865,/team/167/15204,1,Penn,540,3,Ivy League,865,/team/540/15204,1,NA,NA,/contests/1669010/box_score,https://stats.ncaa.org/contests/1669010/box_score,1669010
2019,15204,4/28/2019,Cornell,167,8,Ivy League,865,/team/167/15204,1,Penn,540,7,Ivy League,865,/team/540/15204,1,NA,NA,/contests/1662789/box_score,https://stats.ncaa.org/contests/1662789/box_score,1662789
2019,15204,5/1/2019,Binghamton,62,2,America East,845,/team/62/15204,1,Cornell,167,5,Ivy League,865,/team/167/15204,1,NA,NA,/contests/1663316/box_score,https://stats.ncaa.org/contests/1663316/box_score,1663316
2019,15204,5/4/2019,Dartmouth,172,6,Ivy League,865,/team/172/15204,1,Cornell,167,8,Ivy League,865,/team/167/15204,1,NA,NA,/contests/1663680/box_score,https://stats.ncaa.org/contests/1663680/box_score,1663680
2019,15204,5/4/2019,Dartmouth,172,1,Ivy League,865,/team/172/15204,1,Cornell,167,2,Ivy League,865,/team/167/15204,1,NA,NA,/contests/1665085/box_score,https://stats.ncaa.org/contests/1665085/box_score,1665085
2019,15204,5/5/2019,Dartmouth,172,6,Ivy League,865,/team/172/15204,1,Cornell,167,1,Ivy League,865,/team/167/15204,1,NA,NA,/contests/1663913/box_score,https://stats.ncaa.org/contests/1663913/box_score,1663913
2019,15204,5/7/2019,St. Bonaventure,596,9,Atlantic 10,820,/team/596/15204,1,Cornell,167,8,Ivy League,865,/team/167/15204,1,NA,10,/contests/1664142/box_score,https://stats.ncaa.org/contests/1664142/box_score,1664142
2020,15204,2/21/2020,Duke,193,8,ACC,821,/team/193/15204,1,Cornell,167,0,Ivy League,865,/team/167/15204,1,NA,NA,/contests/1831275/box_score,https://stats.ncaa.org/contests/1831275/box_score,1831275
2020,15204,2/22/2020,Duke,193,2,ACC,821,/team/193/15204,1,Cornell,167,0,Ivy League,865,/team/167/15204,1,NA,NA,/contests/1831572/box_score,https://stats.ncaa.org/contests/1831572/box_score,1831572
2020,15204,2/23/2020,Duke,193,3,ACC,821,/team/193/15204,1,Cornell,167,1,Ivy League,865,/team/167/15204,1,NA,NA,/contests/1831959/box_score,https://stats.ncaa.org/contests/1831959/box_score,1831959
2020,15204,2/29/2020,Cornell,167,4,Ivy League,865,/team/167/15204,1,Niagara,482,8,MAAC,871,/team/482/15204,1,"Colonial Heights, VA",NA,/contests/1832744/box_score,https://stats.ncaa.org/contests/1832744/box_score,1832744
2020,15204,2/29/2020,Cornell,167,6,Ivy League,865,/team/167/15204,1,Niagara,482,8,MAAC,871,/team/482/15204,1,"Colonial Heights, VA",NA,/contests/1848991/box_score,https://stats.ncaa.org/contests/1848991/box_score,1848991
2020,15204,3/1/2020,Cornell,167,6,Ivy League,865,/team/167/15204,1,Niagara,482,5,MAAC,871,/team/482/15204,1,"Colonial Heights, VA",NA,/contests/1849568/box_score,https://stats.ncaa.org/contests/1849568/box_score,1849568
2020,15204,3/6/2020,South Carolina,648,10,SEC,911,/team/648/15204,1,Cornell,167,2,Ivy League,865,/team/167/15204,1,NA,NA,/contests/1833975/box_score,https://stats.ncaa.org/contests/1833975/box_score,1833975
2020,15204,3/7/2020,South Carolina,648,10,SEC,911,/team/648/15204,1,Cornell,167,3,Ivy League,865,/team/167/15204,1,NA,NA,/contests/1834360/box_score,https://stats.ncaa.org/contests/1834360/box_score,1834360
2020,15204,3/8/2020,South Carolina,648,6,SEC,911,/team/648/15204,1,Cornell,167,1,Ivy League,865,/team/167/15204,1,NA,NA,/contests/1834707/box_score,https://stats.ncaa.org/contests/1834707/box_score,1834707
2022,15860,2/25/2022,Virginia,746,24,ACC,821,/team/746/15860,1,Cornell,167,9,Ivy League,865,/team/167/15860,1,NA,NA,/contests/2168853/box_score,https://stats.ncaa.org/contests/2168853/box_score,2168853
2022,15860,2/26/2022,Virginia,746,17,ACC,821,/team/746/15860,1,Cornell,167,2,Ivy League,865,/team/167/15860,1,NA,NA,/contests/2169122/box_score,https://stats.ncaa.org/contests/2169122/box_score,2169122
2022,15860,2/27/2022,Virginia,746,19,ACC,821,/team/746/15860,1,Cornell,167,1,Ivy League,865,/team/167/15860,1,NA,NA,/contests/2169525/box_score,https://stats.ncaa.org/contests/2169525/box_score,2169525
2022,15860,3/5/2022,Coppin St.,165,7,MEAC,876,/team/165/15860,1,Cornell,167,11,Ivy League,865,/team/167/15860,1,NA,NA,/contests/2170609/box_score,https://stats.ncaa.org/contests/2170609/box_score,2170609
2022,15860,3/5/2022,Coppin St.,165,5,MEAC,876,/team/165/15860,1,Cornell,167,14,Ivy League,865,/team/167/15860,1,NA,NA,/contests/2188234/box_score,https://stats.ncaa.org/contests/2188234/box_score,2188234
2022,15860,3/6/2022,Coppin St.,165,21,MEAC,876,/team/165/15860,1,Cornell,167,2,Ivy League,865,/team/167/15860,1,NA,NA,/contests/2170912/box_score,https://stats.ncaa.org/contests/2170912/box_score,2170912
2022,15860,3/13/2022,Cornell,167,8,Ivy League,865,/team/167/15860,1,Georgetown,251,9,Big East,30184,/team/251/15860,1,"College Park, Md.",10,/contests/2172327/box_score,https://stats.ncaa.org/contests/2172327/box_score,2172327
2022,15860,3/13/2022,Maryland,392,12,Big Ten,827,/team/392/15860,1,Cornell,167,5,Ivy League,865,/team/167/15860,1,NA,NA,/contests/2171946/box_score,https://stats.ncaa.org/contests/2171946/box_score,2171946
2022,15860,3/18/2022,Richmond,575,15,Atlantic 10,820,/team/575/15860,1,Cornell,167,6,Ivy League,865,/team/167/15860,1,NA,NA,/contests/2173104/box_score,https://stats.ncaa.org/contests/2173104/box_score,2173104
2022,15860,3/19/2022,Richmond,575,9,Atlantic 10,820,/team/575/15860,1,Cornell,167,2,Ivy League,865,/team/167/15860,1,NA,NA,/contests/2173407/box_score,https://stats.ncaa.org/contests/2173407/box_score,2173407
2022,15860,3/20/2022,Richmond,575,4,Atlantic 10,820,/team/575/15860,1,Cornell,167,7,Ivy League,865,/team/167/15860,1,NA,NA,/contests/2173830/box_score,https://stats.ncaa.org/contests/2173830/box_score,2173830
2022,15860,3/25/2022,Cornell,167,5,Ivy League,865,/team/167/15860,1,Harvard,275,7,Ivy League,865,/team/275/15860,1,NA,NA,/contests/2174968/box_score,https://stats.ncaa.org/contests/2174968/box_score,2174968
2022,15860,3/25/2022,Cornell,167,5,Ivy League,865,/team/167/15860,1,Harvard,275,11,Ivy League,865,/team/275/15860,1,NA,NA,/contests/2187164/box_score,https://stats.ncaa.org/contests/2187164/box_score,2187164
2022,15860,3/26/2022,Cornell,167,11,Ivy League,865,/team/167/15860,1,Harvard,275,12,Ivy League,865,/team/275/15860,1,NA,NA,/contests/2264862/box_score,https://stats.ncaa.org/contests/2264862/box_score,2264862
2022,15860,4/2/2022,Cornell,167,2,Ivy League,865,/team/167/15860,1,Yale,813,1,Ivy League,865,/team/813/15860,1,NA,NA,/contests/2176434/box_score,https://stats.ncaa.org/contests/2176434/box_score,2176434
2022,15860,4/2/2022,Cornell,167,12,Ivy League,865,/team/167/15860,1,Yale,813,9,Ivy League,865,/team/813/15860,1,NA,NA,/contests/2185251/box_score,https://stats.ncaa.org/contests/2185251/box_score,2185251
2022,15860,4/3/2022,Cornell,167,5,Ivy League,865,/team/167/15860,1,Yale,813,18,Ivy League,865,/team/813/15860,1,NA,NA,/contests/2176833/box_score,https://stats.ncaa.org/contests/2176833/box_score,2176833
2022,15860,4/5/2022,Canisius,116,10,MAAC,871,/team/116/15860,1,Cornell,167,11,Ivy League,865,/team/167/15860,1,NA,NA,/contests/2177196/box_score,https://stats.ncaa.org/contests/2177196/box_score,2177196
2022,15860,4/9/2022,Princeton,554,12,Ivy League,865,/team/554/15860,1,Cornell,167,3,Ivy League,865,/team/167/15860,1,NA,NA,/contests/2177881/box_score,https://stats.ncaa.org/contests/2177881/box_score,2177881
2022,15860,4/9/2022,Princeton,554,1,Ivy League,865,/team/554/15860,1,Cornell,167,7,Ivy League,865,/team/167/15860,1,NA,NA,/contests/2185636/box_score,https://stats.ncaa.org/contests/2185636/box_score,2185636
2022,15860,4/10/2022,Princeton,554,10,Ivy League,865,/team/554/15860,1,Cornell,167,6,Ivy League,865,/team/167/15860,1,NA,NA,/contests/2178282/box_score,https://stats.ncaa.org/contests/2178282/box_score,2178282
2022,15860,4/12/2022,Binghamton,62,5,America East,845,/team/62/15860,1,Cornell,167,3,Ivy League,865,/team/167/15860,1,NA,NA,/contests/2178847/box_score,https://stats.ncaa.org/contests/2178847/box_score,2178847
2022,15860,4/16/2022,Penn,540,10,Ivy League,865,/team/540/15860,1,Cornell,167,1,Ivy League,865,/team/167/15860,1,NA,NA,/contests/2179558/box_score,https://stats.ncaa.org/contests/2179558/box_score,2179558
2022,15860,4/16/2022,Penn,540,10,Ivy League,865,/team/540/15860,1,Cornell,167,4,Ivy League,865,/team/167/15860,1,NA,NA,/contests/2185165/box_score,https://stats.ncaa.org/contests/2185165/box_score,2185165
2022,15860,4/17/2022,Penn,540,15,Ivy League,865,/team/540/15860,1,Cornell,167,6,Ivy League,865,/team/167/15860,1,NA,NA,/contests/2179919/box_score,https://stats.ncaa.org/contests/2179919/box_score,2179919
2022,15860,4/20/2022,Cornell,167,10,Ivy League,865,/team/167/15860,1,Binghamton,62,9,America East,845,/team/62/15860,1,NA,10,/contests/2180313/box_score,https://stats.ncaa.org/contests/2180313/box_score,2180313
2022,15860,4/23/2022,Cornell,167,12,Ivy League,865,/team/167/15860,1,Dartmouth,172,7,Ivy League,865,/team/172/15860,1,NA,NA,/contests/2180860/box_score,https://stats.ncaa.org/contests/2180860/box_score,2180860
2022,15860,4/23/2022,Cornell,167,2,Ivy League,865,/team/167/15860,1,Dartmouth,172,12,Ivy League,865,/team/172/15860,1,NA,NA,/contests/2185717/box_score,https://stats.ncaa.org/contests/2185717/box_score,2185717
2022,15860,4/24/2022,Cornell,167,8,Ivy League,865,/team/167/15860,1,Dartmouth,172,10,Ivy League,865,/team/172/15860,1,NA,NA,/contests/2181268/box_score,https://stats.ncaa.org/contests/2181268/box_score,2181268
2022,15860,4/30/2022,Cornell,167,3,Ivy League,865,/team/167/15860,1,Columbia,158,7,Ivy League,865,/team/158/15860,1,NA,NA,/contests/2182324/box_score,https://stats.ncaa.org/contests/2182324/box_score,2182324
2022,15860,4/30/2022,Cornell,167,2,Ivy League,865,/team/167/15860,1,Columbia,158,5,Ivy League,865,/team/158/15860,1,NA,NA,/contests/2186401/box_score,https://stats.ncaa.org/contests/2186401/box_score,2186401
2022,15860,5/1/2022,Cornell,167,5,Ivy League,865,/team/167/15860,1,Columbia,158,11,Ivy League,865,/team/158/15860,1,NA,NA,/contests/2182744/box_score,https://stats.ncaa.org/contests/2182744/box_score,2182744
2022,15860,5/3/2022,Binghamton,62,8,America East,845,/team/62/15860,1,Cornell,167,10,Ivy League,865,/team/167/15860,1,NA,NA,/contests/2183022/box_score,https://stats.ncaa.org/contests/2183022/box_score,2183022
2022,15860,5/7/2022,Brown,80,0,Ivy League,865,/team/80/15860,1,Cornell,167,3,Ivy League,865,/team/167/15860,1,NA,NA,/contests/2183434/box_score,https://stats.ncaa.org/contests/2183434/box_score,2183434
2022,15860,5/7/2022,Brown,80,6,Ivy League,865,/team/80/15860,1,Cornell,167,3,Ivy League,865,/team/167/15860,1,NA,NA,/contests/2185556/box_score,https://stats.ncaa.org/contests/2185556/box_score,2185556
2022,15860,5/8/2022,Brown,80,10,Ivy League,865,/team/80/15860,1,Cornell,167,7,Ivy League,865,/team/167/15860,1,NA,NA,/contests/2183681/box_score,https://stats.ncaa.org/contests/2183681/box_score,2183681
2023,16340,2/24/2023,James Madison,317,11,Sun Belt,818,/team/317/16340,1,Cornell,167,5,Ivy League,865,/team/167/16340,1,NA,NA,/contests/2391442/box_score,https://stats.ncaa.org/contests/2391442/box_score,2391442
2023,16340,2/25/2023,James Madison,317,9,Sun Belt,818,/team/317/16340,1,Cornell,167,2,Ivy League,865,/team/167/16340,1,NA,NA,/contests/2391894/box_score,https://stats.ncaa.org/contests/2391894/box_score,2391894
2023,16340,2/26/2023,James Madison,317,7,Sun Belt,818,/team/317/16340,1,Cornell,167,5,Ivy League,865,/team/167/16340,1,NA,NA,/contests/2392199/box_score,https://stats.ncaa.org/contests/2392199/box_score,2392199
2023,16340,3/3/2023,Ball St.,47,5,MAC,875,/team/47/16340,1,Cornell,167,2,Ivy League,865,/team/167/16340,1,"Winston-Salem, NC",NA,/contests/2392707/box_score,https://stats.ncaa.org/contests/2392707/box_score,2392707
2023,16340,3/4/2023,Cornell,167,3,Ivy League,865,/team/167/16340,1,Purdue Fort Wayne,308,6,Horizon,881,/team/308/16340,1,"Winston-Salem, NC",NA,/contests/2393051/box_score,https://stats.ncaa.org/contests/2393051/box_score,2393051
2023,16340,3/5/2023,Wake Forest,749,10,ACC,821,/team/749/16340,1,Cornell,167,3,Ivy League,865,/team/167/16340,1,NA,NA,/contests/2393550/box_score,https://stats.ncaa.org/contests/2393550/box_score,2393550
2023,16340,3/10/2023,VCU,740,14,Atlantic 10,820,/team/740/16340,1,Cornell,167,9,Ivy League,865,/team/167/16340,1,NA,NA,/contests/2394359/box_score,https://stats.ncaa.org/contests/2394359/box_score,2394359
2023,16340,3/11/2023,VCU,740,10,Atlantic 10,820,/team/740/16340,1,Cornell,167,5,Ivy League,865,/team/167/16340,1,NA,NA,/contests/2394804/box_score,https://stats.ncaa.org/contests/2394804/box_score,2394804
2023,16340,3/12/2023,VCU,740,9,Atlantic 10,820,/team/740/16340,1,Cornell,167,3,Ivy League,865,/team/167/16340,1,NA,NA,/contests/2395106/box_score,https://stats.ncaa.org/contests/2395106/box_score,2395106
2023,16340,3/18/2023,George Mason,248,10,Atlantic 10,820,/team/248/16340,1,Cornell,167,5,Ivy League,865,/team/167/16340,1,NA,NA,/contests/2395802/box_score,https://stats.ncaa.org/contests/2395802/box_score,2395802
2023,16340,3/18/2023,George Mason,248,4,Atlantic 10,820,/team/248/16340,1,Cornell,167,3,Ivy League,865,/team/167/16340,1,NA,NA,/contests/2396120/box_score,https://stats.ncaa.org/contests/2396120/box_score,2396120
2023,16340,3/19/2023,George Mason,248,15,Atlantic 10,820,/team/248/16340,1,Cornell,167,4,Ivy League,865,/team/167/16340,1,NA,NA,/contests/2396548/box_score,https://stats.ncaa.org/contests/2396548/box_score,2396548
2023,16340,3/24/2023,Yale,813,3,Ivy League,865,/team/813/16340,1,Cornell,167,5,Ivy League,865,/team/167/16340,1,NA,NA,/contests/2425907/box_score,https://stats.ncaa.org/contests/2425907/box_score,2425907
2023,16340,3/26/2023,Yale,813,12,Ivy League,865,/team/813/16340,1,Cornell,167,2,Ivy League,865,/team/167/16340,1,NA,NA,/contests/2397730/box_score,https://stats.ncaa.org/contests/2397730/box_score,2397730
2023,16340,3/26/2023,Yale,813,5,Ivy League,865,/team/813/16340,1,Cornell,167,7,Ivy League,865,/team/167/16340,1,NA,NA,/contests/2409848/box_score,https://stats.ncaa.org/contests/2409848/box_score,2409848
2023,16340,4/1/2023,Columbia,158,12,Ivy League,865,/team/158/16340,1,Cornell,167,7,Ivy League,865,/team/167/16340,1,NA,NA,/contests/2426973/box_score,https://stats.ncaa.org/contests/2426973/box_score,2426973
2023,16340,4/2/2023,Columbia,158,15,Ivy League,865,/team/158/16340,1,Cornell,167,1,Ivy League,865,/team/167/16340,1,NA,NA,/contests/2399195/box_score,https://stats.ncaa.org/contests/2399195/box_score,2399195
2023,16340,4/2/2023,Columbia,158,8,Ivy League,865,/team/158/16340,1,Cornell,167,13,Ivy League,865,/team/167/16340,1,NA,NA,/contests/2410374/box_score,https://stats.ncaa.org/contests/2410374/box_score,2410374
2023,16340,4/4/2023,Cornell,167,13,Ivy League,865,/team/167/16340,1,Ithaca,313,3,Liberty League,24197,/team/313/16340,3,NA,NA,/contests/2399848/box_score,https://stats.ncaa.org/contests/2399848/box_score,2399848
2023,16340,4/8/2023,Cornell,167,8,Ivy League,865,/team/167/16340,1,Brown,80,12,Ivy League,865,/team/80/16340,1,NA,NA,/contests/2400891/box_score,https://stats.ncaa.org/contests/2400891/box_score,2400891
2023,16340,4/8/2023,Cornell,167,0,Ivy League,865,/team/167/16340,1,Brown,80,1,Ivy League,865,/team/80/16340,1,NA,NA,/contests/2409533/box_score,https://stats.ncaa.org/contests/2409533/box_score,2409533
2023,16340,4/9/2023,Cornell,167,2,Ivy League,865,/team/167/16340,1,Brown,80,5,Ivy League,865,/team/80/16340,1,NA,NA,/contests/2401189/box_score,https://stats.ncaa.org/contests/2401189/box_score,2401189
2023,16340,4/11/2023,Binghamton,62,6,America East,845,/team/62/16340,1,Cornell,167,0,Ivy League,865,/team/167/16340,1,NA,NA,/contests/2401529/box_score,https://stats.ncaa.org/contests/2401529/box_score,2401529
2023,16340,4/14/2023,Harvard,275,7,Ivy League,865,/team/275/16340,1,Cornell,167,6,Ivy League,865,/team/167/16340,1,NA,NA,/contests/2402594/box_score,https://stats.ncaa.org/contests/2402594/box_score,2402594
2023,16340,4/15/2023,Harvard,275,6,Ivy League,865,/team/275/16340,1,Cornell,167,11,Ivy League,865,/team/167/16340,1,NA,NA,/contests/2402181/box_score,https://stats.ncaa.org/contests/2402181/box_score,2402181
2023,16340,4/15/2023,Harvard,275,2,Ivy League,865,/team/275/16340,1,Cornell,167,3,Ivy League,865,/team/167/16340,1,NA,NA,/contests/2409597/box_score,https://stats.ncaa.org/contests/2409597/box_score,2409597
2023,16340,4/21/2023,Cornell,167,8,Ivy League,865,/team/167/16340,1,Princeton,554,11,Ivy League,865,/team/554/16340,1,NA,NA,/contests/2404023/box_score,https://stats.ncaa.org/contests/2404023/box_score,2404023
2023,16340,4/22/2023,Cornell,167,5,Ivy League,865,/team/167/16340,1,Princeton,554,8,Ivy League,865,/team/554/16340,1,NA,NA,/contests/2403642/box_score,https://stats.ncaa.org/contests/2403642/box_score,2403642
2023,16340,4/22/2023,Cornell,167,0,Ivy League,865,/team/167/16340,1,Princeton,554,11,Ivy League,865,/team/554/16340,1,NA,NA,/contests/2411053/box_score,https://stats.ncaa.org/contests/2411053/box_score,2411053
2023,16340,4/28/2023,Cornell,167,4,Ivy League,865,/team/167/16340,1,Penn,540,5,Ivy League,865,/team/540/16340,1,NA,NA,/contests/2431580/box_score,https://stats.ncaa.org/contests/2431580/box_score,2431580
2023,16340,4/28/2023,Cornell,167,11,Ivy League,865,/team/167/16340,1,Penn,540,9,Ivy League,865,/team/540/16340,1,NA,NA,/contests/2431632/box_score,https://stats.ncaa.org/contests/2431632/box_score,2431632
2023,16340,4/29/2023,Cornell,167,3,Ivy League,865,/team/167/16340,1,Penn,540,4,Ivy League,865,/team/540/16340,1,NA,NA,/contests/2410995/box_score,https://stats.ncaa.org/contests/2410995/box_score,2410995
2023,16340,5/6/2023,Dartmouth,172,2,Ivy League,865,/team/172/16340,1,Cornell,167,6,Ivy League,865,/team/167/16340,1,NA,NA,/contests/2406323/box_score,https://stats.ncaa.org/contests/2406323/box_score,2406323
2023,16340,5/6/2023,Dartmouth,172,2,Ivy League,865,/team/172/16340,1,Cornell,167,7,Ivy League,865,/team/167/16340,1,NA,NA,/contests/2411603/box_score,https://stats.ncaa.org/contests/2411603/box_score,2411603
2023,16340,5/7/2023,Dartmouth,172,3,Ivy League,865,/team/172/16340,1,Cornell,167,2,Ivy League,865,/team/167/16340,1,NA,NA,/contests/2406575/box_score,https://stats.ncaa.org/contests/2406575/box_score,2406575
2024,16580,2/23/2024,Georgia Tech,255,9,ACC,821,/team/255/16580,1,Cornell,167,6,Ivy League,865,/team/167/16580,1,NA,NA,/contests/4526549/box_score,https://stats.ncaa.org/contests/4526549/box_score,4526549
2024,16580,2/24/2024,Georgia Tech,255,12,ACC,821,/team/255/16580,1,Cornell,167,2,Ivy League,865,/team/167/16580,1,NA,NA,/contests/4526840/box_score,https://stats.ncaa.org/contests/4526840/box_score,4526840
2024,16580,2/25/2024,Georgia Tech,255,4,ACC,821,/team/255/16580,1,Cornell,167,11,Ivy League,865,/team/167/16580,1,NA,NA,/contests/4527253/box_score,https://stats.ncaa.org/contests/4527253/box_score,4527253
2024,16580,3/1/2024,James Madison,317,5,Sun Belt,818,/team/317/16580,1,Cornell,167,1,Ivy League,865,/team/167/16580,1,NA,NA,/contests/4527913/box_score,https://stats.ncaa.org/contests/4527913/box_score,4527913
2024,16580,3/2/2024,James Madison,317,8,Sun Belt,818,/team/317/16580,1,Cornell,167,5,Ivy League,865,/team/167/16580,1,NA,NA,/contests/4528340/box_score,https://stats.ncaa.org/contests/4528340/box_score,4528340
2024,16580,3/3/2024,James Madison,317,7,Sun Belt,818,/team/317/16580,1,Cornell,167,5,Ivy League,865,/team/167/16580,1,NA,NA,/contests/4528649/box_score,https://stats.ncaa.org/contests/4528649/box_score,4528649
2024,16580,3/10/2024,Georgetown,251,20,Big East,30184,/team/251/16580,1,Cornell,167,0,Ivy League,865,/team/167/16580,1,NA,NA,/contests/4543870/box_score,https://stats.ncaa.org/contests/4543870/box_score,4543870
2024,16580,3/10/2024,Georgetown,251,24,Big East,30184,/team/251/16580,1,Cornell,167,6,Ivy League,865,/team/167/16580,1,NA,NA,/contests/4530180/box_score,https://stats.ncaa.org/contests/4530180/box_score,4530180
2024,16580,3/15/2024,Richmond,575,8,Atlantic 10,820,/team/575/16580,1,Cornell,167,4,Ivy League,865,/team/167/16580,1,NA,NA,/contests/4530859/box_score,https://stats.ncaa.org/contests/4530859/box_score,4530859
2024,16580,3/16/2024,Richmond,575,3,Atlantic 10,820,/team/575/16580,1,Cornell,167,9,Ivy League,865,/team/167/16580,1,NA,NA,/contests/4531165/box_score,https://stats.ncaa.org/contests/4531165/box_score,4531165
2024,16580,3/17/2024,Richmond,575,8,Atlantic 10,820,/team/575/16580,1,Cornell,167,4,Ivy League,865,/team/167/16580,1,NA,NA,/contests/4531583/box_score,https://stats.ncaa.org/contests/4531583/box_score,4531583
2024,16580,3/22/2024,Princeton,554,4,Ivy League,865,/team/554/16580,1,Cornell,167,3,Ivy League,865,/team/167/16580,1,NA,10,/contests/5254855/box_score,https://stats.ncaa.org/contests/5254855/box_score,5254855
2024,16580,3/22/2024,Princeton,554,4,Ivy League,865,/team/554/16580,1,Cornell,167,3,Ivy League,865,/team/167/16580,1,NA,NA,/contests/5254955/box_score,https://stats.ncaa.org/contests/5254955/box_score,5254955
2024,16580,3/24/2024,Princeton,554,2,Ivy League,865,/team/554/16580,1,Cornell,167,15,Ivy League,865,/team/167/16580,1,NA,NA,/contests/4533065/box_score,https://stats.ncaa.org/contests/4533065/box_score,4533065
2024,16580,3/30/2024,Cornell,167,7,Ivy League,865,/team/167/16580,1,Dartmouth,172,5,Ivy League,865,/team/172/16580,1,NA,NA,/contests/4534277/box_score,https://stats.ncaa.org/contests/4534277/box_score,4534277
2024,16580,3/30/2024,Cornell,167,17,Ivy League,865,/team/167/16580,1,Dartmouth,172,2,Ivy League,865,/team/172/16580,1,NA,NA,/contests/4542900/box_score,https://stats.ncaa.org/contests/4542900/box_score,4542900
2024,16580,3/31/2024,Cornell,167,11,Ivy League,865,/team/167/16580,1,Dartmouth,172,4,Ivy League,865,/team/172/16580,1,NA,NA,/contests/4534581/box_score,https://stats.ncaa.org/contests/4534581/box_score,4534581
2024,16580,4/6/2024,Cornell,167,NA,Ivy League,865,/team/167/16580,1,Harvard,275,NA,Ivy League,865,/team/275/16580,1,NA,NA,NA,NA,NA
2024,16580,4/6/2024,Cornell,167,NA,Ivy League,865,/team/167/16580,1,Harvard,275,NA,Ivy League,865,/team/275/16580,1,NA,NA,NA,NA,NA
2024,16580,4/7/2024,Cornell,167,NA,Ivy League,865,/team/167/16580,1,Harvard,275,NA,Ivy League,865,/team/275/16580,1,NA,NA,NA,NA,NA
2024,16580,4/13/2024,Penn,540,NA,Ivy League,865,/team/540/16580,1,Cornell,167,NA,Ivy League,865,/team/167/16580,1,NA,NA,NA,NA,NA
2024,16580,4/13/2024,Penn,540,NA,Ivy League,865,/team/540/16580,1,Cornell,167,NA,Ivy League,865,/team/167/16580,1,NA,NA,NA,NA,NA
2024,16580,4/14/2024,Penn,540,NA,Ivy League,865,/team/540/16580,1,Cornell,167,NA,Ivy League,865,/team/167/16580,1,NA,NA,NA,NA,NA
2024,16580,4/16/2024,Binghamton,62,NA,America East,845,/team/62/16580,1,Cornell,167,NA,Ivy League,865,/team/167/16580,1,NA,NA,NA,NA,NA
2024,16580,4/20/2024,Cornell,167,NA,Ivy League,865,/team/167/16580,1,Yale,813,NA,Ivy League,865,/team/813/16580,1,NA,NA,NA,NA,NA
2024,16580,4/20/2024,Cornell,167,NA,Ivy League,865,/team/167/16580,1,Yale,813,NA,Ivy League,865,/team/813/16580,1,NA,NA,NA,NA,NA
2024,16580,4/21/2024,Cornell,167,NA,Ivy League,865,/team/167/16580,1,Yale,813,NA,Ivy League,865,/team/813/16580,1,NA,NA,NA,NA,NA
2024,16580,4/27/2024,Cornell,167,NA,Ivy League,865,/team/167/16580,1,Columbia,158,NA,Ivy League,865,/team/158/16580,1,NA,NA,NA,NA,NA
2024,16580,4/27/2024,Cornell,167,NA,Ivy League,865,/team/167/16580,1,Columbia,158,NA,Ivy League,865,/team/158/16580,1,NA,NA,NA,NA,NA
2024,16580,4/28/2024,Cornell,167,NA,Ivy League,865,/team/167/16580,1,Columbia,158,NA,Ivy League,865,/team/158/16580,1,NA,NA,NA,NA,NA
2024,16580,4/30/2024,Binghamton,62,NA,America East,845,/team/62/16580,1,Cornell,167,NA,Ivy League,865,/team/167/16580,1,NA,NA,NA,NA,NA
2024,16580,5/4/2024,Brown,80,NA,Ivy League,865,/team/80/16580,1,Cornell,167,NA,Ivy League,865,/team/167/16580,1,NA,NA,NA,NA,NA
2024,16580,5/4/2024,Brown,80,NA,Ivy League,865,/team/80/16580,1,Cornell,167,NA,Ivy League,865,/team/167/16580,1,NA,NA,NA,NA,NA
2024,16580,5/5/2024,Brown,80,NA,Ivy League,865,/team/80/16580,1,Cornell,167,NA,Ivy League,865,/team/167/16580,1,NA,NA,NA,NA,NA
