,year,team_name,team_id,conference_id,conference,division,player_id,player_url,player_name,Yr,Pos,Jersey,GP,GS,BA,OBPct,SlgPct,R,AB,H,Doubles,Triples,TB,HR,RBI,BB,HBP,SF,SH,K,DP,CS,Picked,SB,RBI2out
1,2013,Cornell,167,865,Ivy League,1,1215858,http://stats.ncaa.org/player/index?game_sport_year_ctl_id=11320&org_id=167&stats_player_seq=1215858,"Plantier, Ryan",Jr,1B,24,40,39,0.227,0.307,0.379,16,132,30,5,NA,NA,3,24,15,1,2,2,27,1,1,NA,2,NA
2,2013,Cornell,167,865,Ivy League,1,1324529,http://stats.ncaa.org/player/index?game_sport_year_ctl_id=11320&org_id=167&stats_player_seq=1324529,"Whetsel, JD",So,OF,6,40,40,0.3,0.402,0.414,27,140,42,11,NA,NA,1,12,15,9,NA,5,23,4,6,NA,19,NA
3,2013,Cornell,167,865,Ivy League,1,1215855,http://stats.ncaa.org/player/index?game_sport_year_ctl_id=11320&org_id=167&stats_player_seq=1215855,"D'Alessandro, Tom",Jr,OF,3,40,39,0.252,0.377,0.336,17,131,33,6,NA,NA,1,15,23,4,1,2,31,3,2,NA,11,NA
4,2013,Cornell,167,865,Ivy League,1,1324528,http://stats.ncaa.org/player/index?game_sport_year_ctl_id=11320&org_id=167&stats_player_seq=1324528,"Tatum, Kevin",So,OF,2,38,38,0.246,0.362,0.402,15,122,30,9,NA,NA,2,14,23,1,3,1,23,4,NA,NA,2,NA
5,2013,Cornell,167,865,Ivy League,1,1329458,http://stats.ncaa.org/player/index?game_sport_year_ctl_id=11320&org_id=167&stats_player_seq=1329458,"Hall, Matt",So,C,4,34,33,0.271,0.358,0.339,12,118,32,8,NA,NA,NA,16,10,7,2,NA,12,5,NA,NA,1,NA
6,2013,Cornell,167,865,Ivy League,1,1085360,http://stats.ncaa.org/player/index?game_sport_year_ctl_id=11320&org_id=167&stats_player_seq=1085360,"Peters, Brenton",Sr,INF,5,34,34,0.267,0.358,0.383,14,120,32,6,2,NA,NA,6,15,2,NA,4,24,1,3,NA,5,NA
7,2013,Cornell,167,865,Ivy League,1,1215856,http://stats.ncaa.org/player/index?game_sport_year_ctl_id=11320&org_id=167&stats_player_seq=1215856,"Swinford, Ben",Jr,3B,9,30,28,0.261,0.355,0.391,18,92,24,3,1,NA,1,12,9,5,1,3,17,NA,2,NA,7,NA
8,2013,Cornell,167,865,Ivy League,1,1085357,http://stats.ncaa.org/player/index?game_sport_year_ctl_id=11320&org_id=167&stats_player_seq=1085357,"McCabe, Connor",Sr,OF,25,26,16,0.19,0.203,0.241,7,58,11,3,NA,NA,NA,7,1,NA,NA,2,9,1,1,NA,1,NA
9,2013,Cornell,167,865,Ivy League,1,1085364,http://stats.ncaa.org/player/index?game_sport_year_ctl_id=11320&org_id=167&stats_player_seq=1085364,"Souza, Spenser",Sr,OF,7,23,23,0.276,0.284,0.425,10,87,24,4,1,NA,1,14,1,NA,NA,2,10,NA,3,NA,12,NA
10,2013,Cornell,167,865,Ivy League,1,1439148,http://stats.ncaa.org/player/index?game_sport_year_ctl_id=11320&org_id=167&stats_player_seq=1439148,"Lowell, Eliot",Fr,SS,18,22,15,0.154,0.185,0.154,3,52,8,NA,NA,NA,NA,5,1,1,NA,1,19,NA,NA,NA,NA,NA
11,2013,Cornell,167,865,Ivy League,1,1215865,http://stats.ncaa.org/player/index?game_sport_year_ctl_id=11320&org_id=167&stats_player_seq=1215865,"Cruz, Chris",Jr,OF,33,21,20,0.211,0.291,0.563,13,71,15,5,NA,NA,4,11,5,3,NA,NA,20,2,2,NA,2,NA
12,2013,Cornell,167,865,Ivy League,1,1439154,http://stats.ncaa.org/player/index?game_sport_year_ctl_id=11320&org_id=167&stats_player_seq=1439154,"McGee, Collin",Fr,C,31,19,18,0.107,0.194,0.232,6,56,6,2,NA,NA,1,3,3,3,NA,4,24,NA,1,NA,NA,NA
13,2013,Cornell,167,865,Ivy League,1,1085352,http://stats.ncaa.org/player/index?game_sport_year_ctl_id=11320&org_id=167&stats_player_seq=1085352,"Burke, Chris",Sr,C,11,10,8,0.182,0.217,0.182,NA,22,4,NA,NA,NA,NA,3,1,NA,NA,NA,4,NA,NA,NA,NA,NA
14,2013,Cornell,167,865,Ivy League,1,1085359,http://stats.ncaa.org/player/index?game_sport_year_ctl_id=11320&org_id=167&stats_player_seq=1085359,"Mullan, Phil",Sr,OF,15,10,4,0.111,0.158,0.111,1,18,2,NA,NA,NA,NA,1,NA,1,NA,NA,4,1,NA,NA,NA,NA
15,2013,Cornell,167,865,Ivy League,1,1215857,http://stats.ncaa.org/player/index?game_sport_year_ctl_id=11320&org_id=167&stats_player_seq=1215857,"Crawford, Forrest",Sr,INF,12,8,4,0.214,0.214,0.286,2,14,3,1,NA,NA,NA,2,NA,NA,NA,2,2,NA,NA,NA,NA,NA
16,2013,Cornell,167,865,Ivy League,1,1085354,http://stats.ncaa.org/player/index?game_sport_year_ctl_id=11320&org_id=167&stats_player_seq=1085354,"Irigoyen, Anthony",Sr,INF,20,2,1,0,0,0,NA,2,NA,NA,NA,NA,NA,NA,NA,NA,NA,NA,1,NA,NA,NA,NA,NA
17,2013,Cornell,167,865,Ivy League,1,NA,NA,Totals,-,-,-,NA,NA,0.24,0.324,0.36,161,NA,296,63,4,NA,14,145,122,37,9,28,250,22,21,NA,62,NA
18,2013,Cornell,167,865,Ivy League,1,NA,NA,Opponent Totals,-,-,-,NA,NA,0.252,0.333,0.335,154,NA,313,44,1,NA,11,137,112,43,12,26,230,34,15,NA,48,NA
19,2014,Cornell,167,865,Ivy League,1,1547003,http://stats.ncaa.org/player/index?game_sport_year_ctl_id=11620&org_id=167&stats_player_seq=1547003,"Karl, Ryan",Jr,OF,17,39,39,0.28,0.356,0.552,23,143,40,10,1,79,9,32,12,5,NA,NA,40,1,NA,NA,3,NA
20,2014,Cornell,167,865,Ivy League,1,1324529,http://stats.ncaa.org/player/index?game_sport_year_ctl_id=11620&org_id=167&stats_player_seq=1324529,"Whetsel, JD",Jr,OF,6,39,39,0.264,0.382,0.354,27,144,38,11,1,NA,NA,13,23,5,1,3,27,1,4,NA,15,NA
21,2014,Cornell,167,865,Ivy League,1,1215858,http://stats.ncaa.org/player/index?game_sport_year_ctl_id=11620&org_id=167&stats_player_seq=1215858,"Plantier, Ryan",Sr,1B,24,38,38,0.256,0.342,0.293,9,133,34,5,NA,NA,NA,19,14,4,1,NA,25,4,1,NA,NA,NA
22,2014,Cornell,167,865,Ivy League,1,1215865,http://stats.ncaa.org/player/index?game_sport_year_ctl_id=11620&org_id=167&stats_player_seq=1215865,"Cruz, Chris",Sr,OF,33,38,38,0.245,0.325,0.427,23,143,35,4,2,61,6,25,13,4,NA,1,47,1,2,NA,4,NA
23,2014,Cornell,167,865,Ivy League,1,1215855,http://stats.ncaa.org/player/index?game_sport_year_ctl_id=11620&org_id=167&stats_player_seq=1215855,"D'Alessandro, Tom",Sr,OF,3,37,37,0.264,0.383,0.304,20,125,33,5,NA,NA,NA,12,20,6,3,4,25,2,4,NA,17,NA
24,2014,Cornell,167,865,Ivy League,1,1324528,http://stats.ncaa.org/player/index?game_sport_year_ctl_id=11620&org_id=167&stats_player_seq=1324528,"Tatum, Kevin",Jr,OF,2,36,35,0.237,0.307,0.333,13,114,27,9,1,NA,NA,9,10,2,1,NA,14,3,1,NA,1,NA
25,2014,Cornell,167,865,Ivy League,1,1215856,http://stats.ncaa.org/player/index?game_sport_year_ctl_id=11620&org_id=167&stats_player_seq=1215856,"Swinford, Ben",Sr,3B,9,33,32,0.204,0.316,0.286,8,98,20,5,NA,NA,1,12,13,3,NA,4,18,NA,2,NA,3,NA
26,2014,Cornell,167,865,Ivy League,1,1547004,http://stats.ncaa.org/player/index?game_sport_year_ctl_id=11620&org_id=167&stats_player_seq=1547004,"Scorza, Spencer",Jr,INF,18,32,23,0.244,0.32,0.395,11,86,21,4,NA,NA,3,10,6,4,1,NA,17,2,NA,NA,NA,NA
27,2014,Cornell,167,865,Ivy League,1,1329458,http://stats.ncaa.org/player/index?game_sport_year_ctl_id=11620&org_id=167&stats_player_seq=1329458,"Hall, Matt",Jr,C,4,26,25,0.253,0.286,0.368,8,87,22,7,NA,NA,1,9,3,1,NA,3,7,6,NA,NA,NA,NA
28,2014,Cornell,167,865,Ivy League,1,1439151,http://stats.ncaa.org/player/index?game_sport_year_ctl_id=11620&org_id=167&stats_player_seq=1439151,"Winawer, Jordan",So,OF,27,21,15,0.436,0.5,0.545,11,55,24,4,1,NA,NA,6,3,4,NA,NA,7,NA,2,NA,3,NA
29,2014,Cornell,167,865,Ivy League,1,1547005,http://stats.ncaa.org/player/index?game_sport_year_ctl_id=11620&org_id=167&stats_player_seq=1547005,"Wagner, Tommy",Fr,INF,15,19,11,0.171,0.261,0.22,5,41,7,2,NA,NA,NA,4,5,NA,NA,NA,5,NA,1,NA,2,NA
30,2014,Cornell,167,865,Ivy League,1,1546996,http://stats.ncaa.org/player/index?game_sport_year_ctl_id=11620&org_id=167&stats_player_seq=1546996,"Smith, Jamie",Fr,C,11,16,9,0.176,0.263,0.235,3,34,6,2,NA,NA,NA,1,3,1,NA,NA,10,NA,NA,NA,NA,NA
31,2014,Cornell,167,865,Ivy League,1,1324531,http://stats.ncaa.org/player/index?game_sport_year_ctl_id=11620&org_id=167&stats_player_seq=1324531,"Upton, Eric",Jr,P,22,13,0,NA,NA,NA,NA,NA,NA,NA,NA,NA,NA,NA,NA,NA,NA,NA,NA,NA,NA,NA,NA,NA
32,2014,Cornell,167,865,Ivy League,1,1439149,http://stats.ncaa.org/player/index?game_sport_year_ctl_id=11620&org_id=167&stats_player_seq=1439149,"Horton, Matt",So,P,21,12,0,NA,NA,NA,NA,NA,NA,NA,NA,NA,NA,NA,NA,NA,NA,NA,NA,NA,NA,NA,NA,NA
33,2014,Cornell,167,865,Ivy League,1,1332286,http://stats.ncaa.org/player/index?game_sport_year_ctl_id=11620&org_id=167&stats_player_seq=1332286,"Urbon, Kellen",So,P,13,12,2,NA,NA,NA,NA,NA,NA,NA,NA,NA,NA,NA,NA,NA,NA,NA,NA,NA,NA,NA,NA,NA
34,2014,Cornell,167,865,Ivy League,1,1546995,http://stats.ncaa.org/player/index?game_sport_year_ctl_id=11620&org_id=167&stats_player_seq=1546995,"Padulo, Frankie",Fr,INF,8,11,3,0.111,0.111,0.167,3,18,2,1,NA,NA,NA,2,NA,NA,NA,NA,4,1,NA,NA,NA,NA
35,2014,Cornell,167,865,Ivy League,1,1439152,http://stats.ncaa.org/player/index?game_sport_year_ctl_id=11620&org_id=167&stats_player_seq=1439152,"Byrne, Michael",So,P,28,10,8,NA,NA,NA,NA,NA,NA,NA,NA,NA,NA,NA,NA,NA,NA,NA,NA,NA,NA,NA,NA,NA
36,2014,Cornell,167,865,Ivy League,1,1546998,http://stats.ncaa.org/player/index?game_sport_year_ctl_id=11620&org_id=167&stats_player_seq=1546998,"Balestrieri, Paul",Fr,P,20,10,1,NA,NA,NA,NA,NA,NA,NA,NA,NA,NA,NA,NA,NA,NA,NA,NA,NA,NA,NA,NA,NA
37,2014,Cornell,167,865,Ivy League,1,1324535,http://stats.ncaa.org/player/index?game_sport_year_ctl_id=11620&org_id=167&stats_player_seq=1324535,"Busto, Nick",Jr,P,32,10,6,NA,NA,NA,NA,NA,NA,NA,NA,NA,NA,NA,NA,NA,NA,NA,NA,NA,NA,NA,NA,NA
38,2014,Cornell,167,865,Ivy League,1,1439154,http://stats.ncaa.org/player/index?game_sport_year_ctl_id=11620&org_id=167&stats_player_seq=1439154,"McGee, Collin",So,C,31,9,5,0.235,0.278,0.235,1,17,4,NA,NA,NA,NA,NA,1,NA,NA,2,3,NA,NA,NA,NA,NA
39,2014,Cornell,167,865,Ivy League,1,1329459,http://stats.ncaa.org/player/index?game_sport_year_ctl_id=11620&org_id=167&stats_player_seq=1329459,"Jones, Brent",Jr,P,35,9,9,NA,NA,NA,NA,NA,NA,NA,NA,NA,NA,NA,NA,NA,NA,NA,NA,NA,NA,NA,NA,NA
40,2014,Cornell,167,865,Ivy League,1,1215867,http://stats.ncaa.org/player/index?game_sport_year_ctl_id=11620&org_id=167&stats_player_seq=1215867,"Kaufmann, Connor",Sr,P,40,8,2,NA,NA,NA,NA,NA,NA,NA,NA,NA,NA,NA,NA,NA,NA,NA,NA,NA,NA,NA,NA,NA
41,2014,Cornell,167,865,Ivy League,1,1439150,http://stats.ncaa.org/player/index?game_sport_year_ctl_id=11620&org_id=167&stats_player_seq=1439150,"McCulley, Zach",Sr,P,26,7,1,NA,NA,NA,NA,NA,NA,NA,NA,NA,NA,NA,NA,NA,NA,NA,NA,NA,NA,NA,NA,NA
42,2014,Cornell,167,865,Ivy League,1,1215859,http://stats.ncaa.org/player/index?game_sport_year_ctl_id=11620&org_id=167&stats_player_seq=1215859,"Sikorski, Jimmy",Sr,P,16,7,2,0,0.091,0,NA,10,NA,NA,NA,NA,NA,1,1,NA,NA,NA,2,NA,NA,NA,NA,NA
43,2014,Cornell,167,865,Ivy League,1,1547000,http://stats.ncaa.org/player/index?game_sport_year_ctl_id=11620&org_id=167&stats_player_seq=1547000,"Willittes, Tim",Fr,P,29,7,3,NA,NA,NA,NA,NA,NA,NA,NA,NA,NA,NA,NA,NA,NA,NA,NA,NA,NA,NA,NA,NA
44,2014,Cornell,167,865,Ivy League,1,1547002,http://stats.ncaa.org/player/index?game_sport_year_ctl_id=11620&org_id=167&stats_player_seq=1547002,"Smith, Tiger",Fr,P,39,6,2,NA,NA,NA,NA,NA,NA,NA,NA,NA,NA,NA,NA,NA,NA,NA,NA,NA,NA,NA,NA,NA
45,2014,Cornell,167,865,Ivy League,1,1324534,http://stats.ncaa.org/player/index?game_sport_year_ctl_id=11620&org_id=167&stats_player_seq=1324534,"Suppa, Roberto",Jr,P,30,6,3,NA,NA,NA,NA,NA,NA,NA,NA,NA,NA,NA,NA,NA,NA,NA,NA,NA,NA,NA,NA,NA
46,2014,Cornell,167,865,Ivy League,1,1546994,http://stats.ncaa.org/player/index?game_sport_year_ctl_id=11620&org_id=167&stats_player_seq=1546994,"Soltis, Scott",Fr,P,7,5,0,NA,NA,NA,NA,NA,NA,NA,NA,NA,NA,NA,NA,NA,NA,NA,NA,NA,NA,NA,NA,NA
47,2014,Cornell,167,865,Ivy League,1,1439156,http://stats.ncaa.org/player/index?game_sport_year_ctl_id=11620&org_id=167&stats_player_seq=1439156,"Morris, Dan",Jr,INF,38,4,0,0,0,0,3,1,NA,NA,NA,NA,NA,NA,NA,NA,NA,NA,NA,NA,NA,NA,NA,NA
48,2014,Cornell,167,865,Ivy League,1,1547001,http://stats.ncaa.org/player/index?game_sport_year_ctl_id=11620&org_id=167&stats_player_seq=1547001,"Brewer, Ray",Fr,P,37,3,0,NA,NA,NA,NA,NA,NA,NA,NA,NA,NA,NA,NA,NA,NA,NA,NA,NA,NA,NA,NA,NA
49,2014,Cornell,167,865,Ivy League,1,1439148,http://stats.ncaa.org/player/index?game_sport_year_ctl_id=11620&org_id=167&stats_player_seq=1439148,"Lowell, Eliot",So,INF,5,2,0,0,0.333,0,1,2,NA,NA,NA,NA,NA,1,1,NA,NA,NA,1,NA,NA,NA,NA,NA
50,2014,Cornell,167,865,Ivy League,1,1546999,http://stats.ncaa.org/player/index?game_sport_year_ctl_id=11620&org_id=167&stats_player_seq=1546999,"Weston, Jacob",Fr,OF,25,2,0,0,0,0,NA,1,NA,NA,NA,NA,NA,NA,NA,NA,NA,NA,1,NA,NA,NA,NA,NA
51,2014,Cornell,167,865,Ivy League,1,NA,NA,Totals,-,-,-,NA,NA,0.25,0.337,0.363,169,NA,313,69,6,454,20,156,128,39,7,17,253,21,17,NA,48,NA
52,2014,Cornell,167,865,Ivy League,1,NA,NA,Opponent Totals,-,-,-,NA,NA,0.257,0.342,0.328,169,NA,317,48,12,404,5,145,117,48,13,30,256,22,7,NA,44,NA
53,2015,Cornell,167,865,Ivy League,1,1547004,http://stats.ncaa.org/player/index?game_sport_year_ctl_id=12080&org_id=167&stats_player_seq=1547004,"Scorza, Spencer",Sr,INF,18,40,40,0.279,0.338,0.381,21,147,41,12,NA,NA,1,25,9,4,NA,NA,15,8,NA,NA,2,NA
54,2015,Cornell,167,865,Ivy League,1,1324528,http://stats.ncaa.org/player/index?game_sport_year_ctl_id=12080&org_id=167&stats_player_seq=1324528,"Tatum, Kevin",Sr,OF,2,40,40,0.302,0.377,0.374,17,139,42,7,NA,NA,1,26,17,1,2,1,27,3,NA,NA,NA,NA
55,2015,Cornell,167,865,Ivy League,1,1547003,http://stats.ncaa.org/player/index?game_sport_year_ctl_id=12080&org_id=167&stats_player_seq=1547003,"Karl, Ryan",Sr,OF,17,40,40,0.224,0.333,0.313,22,134,30,6,NA,NA,2,18,19,4,2,NA,38,2,3,NA,2,NA
56,2015,Cornell,167,865,Ivy League,1,1439156,http://stats.ncaa.org/player/index?game_sport_year_ctl_id=12080&org_id=167&stats_player_seq=1439156,"Morris, Dan",Sr,INF,38,37,35,0.285,0.352,0.392,22,130,37,10,2,NA,NA,19,12,2,1,1,26,5,NA,NA,2,NA
57,2015,Cornell,167,865,Ivy League,1,1546995,http://stats.ncaa.org/player/index?game_sport_year_ctl_id=12080&org_id=167&stats_player_seq=1546995,"Padulo, Frankie",So,INF,8,36,33,0.284,0.34,0.379,13,95,27,7,1,NA,NA,8,6,2,NA,3,16,3,NA,NA,2,NA
58,2015,Cornell,167,865,Ivy League,1,1439151,http://stats.ncaa.org/player/index?game_sport_year_ctl_id=12080&org_id=167&stats_player_seq=1439151,"Winawer, Jordan",Jr,OF,27,33,27,0.184,0.266,0.204,14,98,18,2,NA,NA,NA,6,9,2,NA,1,24,3,NA,NA,2,NA
59,2015,Cornell,167,865,Ivy League,1,1547005,http://stats.ncaa.org/player/index?game_sport_year_ctl_id=12080&org_id=167&stats_player_seq=1547005,"Wagner, Tommy",So,INF,15,28,28,0.308,0.365,0.352,13,91,28,2,1,NA,NA,15,8,2,3,NA,7,4,1,NA,4,NA
60,2015,Cornell,167,865,Ivy League,1,1652396,http://stats.ncaa.org/player/index?game_sport_year_ctl_id=12080&org_id=167&stats_player_seq=1652396,"Wickham, Dale",Fr,INF,19,26,17,0.236,0.333,0.255,8,55,13,1,NA,NA,NA,5,8,NA,NA,NA,9,2,NA,NA,NA,NA
61,2015,Cornell,167,865,Ivy League,1,1324529,http://stats.ncaa.org/player/index?game_sport_year_ctl_id=12080&org_id=167&stats_player_seq=1324529,"Whetsel, JD",Sr,OF,6,24,24,0.19,0.333,0.238,14,84,16,4,NA,NA,NA,4,14,4,NA,1,15,1,2,NA,9,NA
62,2015,Cornell,167,865,Ivy League,1,1329458,http://stats.ncaa.org/player/index?game_sport_year_ctl_id=12080&org_id=167&stats_player_seq=1329458,"Hall, Matt",Sr,C,4,22,19,0.212,0.328,0.288,6,52,11,4,NA,NA,NA,3,8,1,NA,1,3,1,NA,NA,NA,NA
63,2015,Cornell,167,865,Ivy League,1,1652397,http://stats.ncaa.org/player/index?game_sport_year_ctl_id=12080&org_id=167&stats_player_seq=1652397,"Bitar, Ellis",Fr,C,24,21,18,0.232,0.317,0.321,6,56,13,5,NA,NA,NA,8,6,1,NA,NA,18,NA,1,NA,2,NA
64,2015,Cornell,167,865,Ivy League,1,1439148,http://stats.ncaa.org/player/index?game_sport_year_ctl_id=12080&org_id=167&stats_player_seq=1439148,"Lowell, Eliot",Jr,INF,5,20,12,0.147,0.275,0.176,3,34,5,1,NA,NA,NA,1,6,NA,NA,1,6,4,NA,NA,NA,NA
65,2015,Cornell,167,865,Ivy League,1,1546996,http://stats.ncaa.org/player/index?game_sport_year_ctl_id=12080&org_id=167&stats_player_seq=1546996,"Smith, Jamie",So,C,3,18,11,0.13,0.18,0.261,4,46,6,3,NA,NA,1,5,2,1,1,NA,19,NA,NA,NA,NA,NA
66,2015,Cornell,167,865,Ivy League,1,1546998,http://stats.ncaa.org/player/index?game_sport_year_ctl_id=12080&org_id=167&stats_player_seq=1546998,"Balestrieri, Paul",So,P,20,15,3,NA,NA,NA,NA,NA,NA,NA,NA,NA,NA,NA,NA,NA,NA,NA,NA,NA,NA,NA,NA,NA
67,2015,Cornell,167,865,Ivy League,1,1652421,http://stats.ncaa.org/player/index?game_sport_year_ctl_id=12080&org_id=167&stats_player_seq=1652421,"Le Dorze, Pierre",Fr,OF,40,13,4,0.368,0.5,0.684,5,19,7,1,1,NA,1,4,4,1,NA,NA,6,NA,NA,NA,NA,NA
68,2015,Cornell,167,865,Ivy League,1,1439152,http://stats.ncaa.org/player/index?game_sport_year_ctl_id=12080&org_id=167&stats_player_seq=1439152,"Byrne, Michael",Jr,P,28,12,8,NA,NA,NA,1,NA,NA,NA,NA,NA,NA,NA,NA,NA,NA,NA,NA,NA,NA,NA,NA,NA
69,2015,Cornell,167,865,Ivy League,1,1324535,http://stats.ncaa.org/player/index?game_sport_year_ctl_id=12080&org_id=167&stats_player_seq=1324535,"Busto, Nick",Sr,P,32,11,6,NA,NA,NA,NA,NA,NA,NA,NA,NA,NA,NA,NA,NA,NA,NA,NA,NA,NA,NA,NA,NA
70,2015,Cornell,167,865,Ivy League,1,1324531,http://stats.ncaa.org/player/index?game_sport_year_ctl_id=12080&org_id=167&stats_player_seq=1324531,"Upton, Eric",Sr,P,22,10,2,NA,NA,NA,NA,NA,NA,NA,NA,NA,NA,NA,NA,NA,NA,NA,NA,NA,NA,NA,NA,NA
71,2015,Cornell,167,865,Ivy League,1,1652419,http://stats.ncaa.org/player/index?game_sport_year_ctl_id=12080&org_id=167&stats_player_seq=1652419,"Baur, Trey",Fr,INF,35,9,5,0.208,0.269,0.25,1,24,5,1,NA,NA,NA,3,1,1,NA,NA,7,NA,NA,NA,NA,NA
72,2015,Cornell,167,865,Ivy League,1,1332286,http://stats.ncaa.org/player/index?game_sport_year_ctl_id=12080&org_id=167&stats_player_seq=1332286,"Urbon, Kellen",Jr,P,13,9,9,NA,NA,NA,NA,NA,NA,NA,NA,NA,NA,NA,NA,NA,NA,NA,NA,NA,NA,NA,NA,NA
73,2015,Cornell,167,865,Ivy League,1,1652395,http://stats.ncaa.org/player/index?game_sport_year_ctl_id=12080&org_id=167&stats_player_seq=1652395,"Lewis, Justin",Fr,P,16,8,0,NA,NA,NA,NA,NA,NA,NA,NA,NA,NA,NA,NA,NA,NA,NA,NA,NA,NA,NA,NA,NA
74,2015,Cornell,167,865,Ivy League,1,1546999,http://stats.ncaa.org/player/index?game_sport_year_ctl_id=12080&org_id=167&stats_player_seq=1546999,"Weston, Jacob",So,OF,25,7,5,0.211,0.211,0.316,NA,19,4,2,NA,NA,NA,2,NA,NA,NA,NA,9,1,NA,NA,NA,NA
75,2015,Cornell,167,865,Ivy League,1,1439154,http://stats.ncaa.org/player/index?game_sport_year_ctl_id=12080&org_id=167&stats_player_seq=1439154,"McGee, Collin",Jr,C,31,6,2,0,0.143,0,NA,6,NA,NA,NA,NA,NA,1,1,NA,NA,NA,2,NA,NA,NA,1,NA
76,2015,Cornell,167,865,Ivy League,1,1652420,http://stats.ncaa.org/player/index?game_sport_year_ctl_id=12080&org_id=167&stats_player_seq=1652420,"Lannoo, Peter",Fr,P,39,6,0,NA,NA,NA,NA,NA,NA,NA,NA,NA,NA,NA,NA,NA,NA,NA,NA,NA,NA,NA,NA,NA
77,2015,Cornell,167,865,Ivy League,1,1652418,http://stats.ncaa.org/player/index?game_sport_year_ctl_id=12080&org_id=167&stats_player_seq=1652418,"Recto, Eason",Fr,OF,30,6,0,0,0,0,2,3,NA,NA,NA,NA,NA,NA,NA,NA,NA,NA,2,NA,NA,NA,NA,NA
78,2015,Cornell,167,865,Ivy League,1,1324534,http://stats.ncaa.org/player/index?game_sport_year_ctl_id=12080&org_id=167&stats_player_seq=1324534,"Suppa, Roberto",Sr,P,33,5,1,NA,NA,NA,NA,NA,NA,NA,NA,NA,NA,NA,NA,NA,NA,NA,NA,NA,NA,NA,NA,NA
79,2015,Cornell,167,865,Ivy League,1,1547001,http://stats.ncaa.org/player/index?game_sport_year_ctl_id=12080&org_id=167&stats_player_seq=1547001,"Brewer, Ray",So,P,37,5,0,NA,NA,NA,NA,NA,NA,NA,NA,NA,NA,NA,NA,NA,NA,NA,NA,NA,NA,NA,NA,NA
80,2015,Cornell,167,865,Ivy League,1,1652392,http://stats.ncaa.org/player/index?game_sport_year_ctl_id=12080&org_id=167&stats_player_seq=1652392,"McCulley, Zach",Sr,P,26,4,2,NA,NA,NA,NA,NA,NA,NA,NA,NA,NA,NA,NA,NA,NA,NA,NA,NA,NA,NA,NA,NA
81,2015,Cornell,167,865,Ivy League,1,1546997,http://stats.ncaa.org/player/index?game_sport_year_ctl_id=12080&org_id=167&stats_player_seq=1546997,"Veenema, Ryne",So,P,12,3,0,NA,NA,NA,NA,NA,NA,NA,NA,NA,NA,NA,NA,NA,NA,NA,NA,NA,NA,NA,NA,NA
82,2015,Cornell,167,865,Ivy League,1,1439149,http://stats.ncaa.org/player/index?game_sport_year_ctl_id=12080&org_id=167&stats_player_seq=1439149,"Horton, Matt",Jr,P,21,3,0,NA,NA,NA,NA,NA,NA,NA,NA,NA,NA,NA,NA,NA,NA,NA,NA,NA,NA,NA,NA,NA
83,2015,Cornell,167,865,Ivy League,1,1546994,http://stats.ncaa.org/player/index?game_sport_year_ctl_id=12080&org_id=167&stats_player_seq=1546994,"Soltis, Scott",So,P,7,1,0,NA,NA,NA,NA,NA,NA,NA,NA,NA,NA,NA,NA,NA,NA,NA,NA,NA,NA,NA,NA,NA
84,2015,Cornell,167,865,Ivy League,1,NA,NA,Totals,-,-,-,NA,NA,0.246,0.329,0.324,172,NA,303,68,5,NA,6,153,130,26,9,9,249,37,7,NA,26,NA
85,2015,Cornell,167,865,Ivy League,1,NA,NA,Opponent Totals,-,-,-,NA,NA,0.298,0.367,0.407,239,NA,377,67,8,NA,18,216,107,36,8,20,260,28,20,NA,45,NA
86,2016,Cornell,167,865,Ivy League,1,1652396,http://stats.ncaa.org/player/index?game_sport_year_ctl_id=12360&org_id=167&stats_player_seq=1652396,"Wickham, Dale",So,OF,19,38,38,0.29,0.351,0.507,24,138,40,9,3,NA,5,21,10,3,NA,2,20,4,2,NA,5,NA
87,2016,Cornell,167,865,Ivy League,1,1779087,http://stats.ncaa.org/player/index?game_sport_year_ctl_id=12360&org_id=167&stats_player_seq=1779087,"Price, C.J.",Jr,C,30,37,37,0.233,0.371,0.328,17,116,27,NA,1,NA,3,9,17,9,1,2,20,3,2,NA,1,NA
88,2016,Cornell,167,865,Ivy League,1,1779086,http://stats.ncaa.org/player/index?game_sport_year_ctl_id=12360&org_id=167&stats_player_seq=1779086,"Rutherford, Cole",Jr,1B,36,37,37,0.276,0.359,0.512,15,127,35,8,2,NA,6,26,14,3,1,1,24,2,NA,NA,1,NA
89,2016,Cornell,167,865,Ivy League,1,1652397,http://stats.ncaa.org/player/index?game_sport_year_ctl_id=12360&org_id=167&stats_player_seq=1652397,"Bitar, Ellis",So,C,2,36,36,0.288,0.352,0.386,15,132,38,5,1,NA,2,12,4,9,NA,1,29,2,2,NA,9,NA
90,2016,Cornell,167,865,Ivy League,1,1546995,http://stats.ncaa.org/player/index?game_sport_year_ctl_id=12360&org_id=167&stats_player_seq=1546995,"Padulo, Frankie",Jr,INF,8,36,34,0.192,0.292,0.267,19,120,23,6,NA,NA,1,11,14,3,NA,1,20,5,1,NA,1,NA
91,2016,Cornell,167,865,Ivy League,1,1439151,http://stats.ncaa.org/player/index?game_sport_year_ctl_id=12360&org_id=167&stats_player_seq=1439151,"Winawer, Jordan",Sr,OF,27,33,31,0.2,0.282,0.274,12,95,19,2,1,NA,1,6,10,2,3,4,19,3,1,NA,4,NA
92,2016,Cornell,167,865,Ivy League,1,1439148,http://stats.ncaa.org/player/index?game_sport_year_ctl_id=12360&org_id=167&stats_player_seq=1439148,"Lowell, Eliot",Sr,INF,5,30,25,0.176,0.325,0.191,10,68,12,1,NA,NA,NA,4,15,NA,NA,1,16,NA,2,NA,1,NA
93,2016,Cornell,167,865,Ivy League,1,1779078,http://stats.ncaa.org/player/index?game_sport_year_ctl_id=12360&org_id=167&stats_player_seq=1779078,"Arndt, Josh",Fr,INF,6,28,24,0.229,0.289,0.277,7,83,19,4,NA,NA,NA,10,6,1,NA,1,10,1,2,NA,2,NA
94,2016,Cornell,167,865,Ivy League,1,1779084,http://stats.ncaa.org/player/index?game_sport_year_ctl_id=12360&org_id=167&stats_player_seq=1779084,"Fraser, Mark",Fr,1B,32,26,22,0.259,0.315,0.395,8,81,21,8,NA,NA,1,18,7,NA,1,NA,22,3,NA,NA,NA,NA
95,2016,Cornell,167,865,Ivy League,1,1547005,http://stats.ncaa.org/player/index?game_sport_year_ctl_id=12360&org_id=167&stats_player_seq=1547005,"Wagner, Tommy",Jr,INF,15,23,23,0.341,0.429,0.471,12,85,29,5,NA,NA,2,11,10,3,NA,2,7,3,NA,NA,3,NA
96,2016,Cornell,167,865,Ivy League,1,1779081,http://stats.ncaa.org/player/index?game_sport_year_ctl_id=12360&org_id=167&stats_player_seq=1779081,"Morris, Parker",Fr,OF,34,20,7,0.143,0.167,0.179,4,28,4,1,NA,NA,NA,1,1,NA,1,1,7,1,NA,NA,1,NA
97,2016,Cornell,167,865,Ivy League,1,1546999,http://stats.ncaa.org/player/index?game_sport_year_ctl_id=12360&org_id=167&stats_player_seq=1546999,"Weston, Jacob",Jr,OF,25,18,13,0.149,0.212,0.234,3,47,7,1,NA,NA,1,5,4,NA,1,1,16,NA,NA,NA,NA,NA
98,2016,Cornell,167,865,Ivy League,1,1779083,http://stats.ncaa.org/player/index?game_sport_year_ctl_id=12360&org_id=167&stats_player_seq=1779083,"Flynn, Jamie",Jr,P,23,15,0,NA,NA,NA,NA,NA,NA,NA,NA,NA,NA,NA,NA,NA,NA,NA,NA,NA,NA,NA,NA,NA
99,2016,Cornell,167,865,Ivy League,1,1652395,http://stats.ncaa.org/player/index?game_sport_year_ctl_id=12360&org_id=167&stats_player_seq=1652395,"Lewis, Justin",So,P,26,14,4,NA,NA,NA,NA,NA,NA,NA,NA,NA,NA,NA,NA,NA,NA,NA,NA,NA,NA,NA,NA,NA
100,2016,Cornell,167,865,Ivy League,1,1547000,http://stats.ncaa.org/player/index?game_sport_year_ctl_id=12360&org_id=167&stats_player_seq=1547000,"Willittes, Tim",Jr,P,29,13,9,0,0,0,NA,1,NA,NA,NA,NA,NA,NA,NA,NA,NA,NA,NA,NA,NA,NA,NA,NA
101,2016,Cornell,167,865,Ivy League,1,1652393,http://stats.ncaa.org/player/index?game_sport_year_ctl_id=12360&org_id=167&stats_player_seq=1652393,"Tutun, Griffin",So,INF,9,13,7,0.261,0.346,0.261,1,23,6,NA,NA,NA,NA,1,3,NA,NA,1,4,NA,NA,NA,1,NA
102,2016,Cornell,167,865,Ivy League,1,1546994,http://stats.ncaa.org/player/index?game_sport_year_ctl_id=12360&org_id=167&stats_player_seq=1546994,"Soltis, Scott",Jr,P,7,13,2,NA,NA,NA,NA,NA,NA,NA,NA,NA,NA,NA,NA,NA,NA,NA,NA,NA,NA,NA,NA,NA
103,2016,Cornell,167,865,Ivy League,1,1546996,http://stats.ncaa.org/player/index?game_sport_year_ctl_id=12360&org_id=167&stats_player_seq=1546996,"Smith, Jamie",Jr,OF,3,12,5,0.062,0.211,0.25,2,16,1,NA,NA,NA,1,1,2,1,NA,NA,7,1,NA,NA,NA,NA
104,2016,Cornell,167,865,Ivy League,1,1439152,http://stats.ncaa.org/player/index?game_sport_year_ctl_id=12360&org_id=167&stats_player_seq=1439152,"Byrne, Michael",Sr,P,28,12,5,NA,NA,NA,NA,NA,NA,NA,NA,NA,NA,NA,NA,NA,NA,NA,NA,NA,NA,NA,NA,NA
105,2016,Cornell,167,865,Ivy League,1,1546998,http://stats.ncaa.org/player/index?game_sport_year_ctl_id=12360&org_id=167&stats_player_seq=1546998,"Balestrieri, Paul",Jr,P,20,11,9,NA,NA,NA,NA,NA,NA,NA,NA,NA,NA,NA,NA,NA,NA,NA,NA,NA,NA,NA,NA,NA
106,2016,Cornell,167,865,Ivy League,1,1779079,http://stats.ncaa.org/player/index?game_sport_year_ctl_id=12360&org_id=167&stats_player_seq=1779079,"Saks, Adam",Fr,P,13,11,0,NA,NA,NA,NA,NA,NA,NA,NA,NA,NA,NA,NA,NA,NA,NA,NA,NA,NA,NA,NA,NA
107,2016,Cornell,167,865,Ivy League,1,1546997,http://stats.ncaa.org/player/index?game_sport_year_ctl_id=12360&org_id=167&stats_player_seq=1546997,"Veenema, Ryne",Jr,P,12,10,0,NA,NA,NA,NA,NA,NA,NA,NA,NA,NA,NA,NA,NA,NA,NA,NA,NA,NA,NA,NA,NA
108,2016,Cornell,167,865,Ivy League,1,1652420,http://stats.ncaa.org/player/index?game_sport_year_ctl_id=12360&org_id=167&stats_player_seq=1652420,"Lannoo, Peter",Jr,P,39,10,7,NA,NA,NA,NA,NA,NA,NA,NA,NA,NA,NA,NA,NA,NA,NA,NA,NA,NA,NA,NA,NA
109,2016,Cornell,167,865,Ivy League,1,1779080,http://stats.ncaa.org/player/index?game_sport_year_ctl_id=12360&org_id=167&stats_player_seq=1779080,"Arnold, Austin",Fr,P,16,8,0,NA,NA,NA,NA,NA,NA,NA,NA,NA,NA,NA,NA,NA,NA,NA,NA,NA,NA,NA,NA,NA
110,2016,Cornell,167,865,Ivy League,1,1783016,http://stats.ncaa.org/player/index?game_sport_year_ctl_id=12360&org_id=167&stats_player_seq=1783016,"Wahl, Austin",Jr,P,11,8,1,NA,NA,NA,NA,NA,NA,NA,NA,NA,NA,NA,NA,NA,NA,NA,NA,NA,NA,NA,NA,NA
111,2016,Cornell,167,865,Ivy League,1,1652419,http://stats.ncaa.org/player/index?game_sport_year_ctl_id=12360&org_id=167&stats_player_seq=1652419,"Baur, Trey",So,INF,35,6,1,0.143,0.25,0.286,1,7,1,1,NA,NA,NA,NA,NA,1,NA,NA,3,NA,NA,NA,NA,NA
112,2016,Cornell,167,865,Ivy League,1,1652421,http://stats.ncaa.org/player/index?game_sport_year_ctl_id=12360&org_id=167&stats_player_seq=1652421,"Le Dorze, Pierre",So,OF,40,5,0,0,0,0,NA,1,NA,NA,NA,NA,NA,NA,NA,NA,NA,NA,1,NA,NA,NA,NA,NA
113,2016,Cornell,167,865,Ivy League,1,1779082,http://stats.ncaa.org/player/index?game_sport_year_ctl_id=12360&org_id=167&stats_player_seq=1779082,"Pannullo, Rob",Jr,P,22,5,0,NA,NA,NA,NA,NA,NA,NA,NA,NA,NA,NA,NA,NA,NA,NA,NA,NA,NA,NA,NA,NA
114,2016,Cornell,167,865,Ivy League,1,1779077,http://stats.ncaa.org/player/index?game_sport_year_ctl_id=12360&org_id=167&stats_player_seq=1779077,"Rainville, Marlon",Sr,OF,4,4,0,0,0,0,1,1,NA,NA,NA,NA,NA,NA,NA,NA,NA,NA,1,NA,1,NA,NA,NA
115,2016,Cornell,167,865,Ivy League,1,1439154,http://stats.ncaa.org/player/index?game_sport_year_ctl_id=12360&org_id=167&stats_player_seq=1439154,"McGee, Collin",Sr,P,31,4,1,NA,NA,NA,NA,NA,NA,NA,NA,NA,NA,NA,NA,NA,NA,NA,NA,NA,NA,NA,NA,NA
116,2016,Cornell,167,865,Ivy League,1,1779088,http://stats.ncaa.org/player/index?game_sport_year_ctl_id=12360&org_id=167&stats_player_seq=1779088,"Blackstone, Mitch",Fr,C,21,3,2,0,0,0,NA,8,NA,NA,NA,NA,NA,NA,NA,NA,NA,1,3,NA,NA,NA,NA,NA
117,2016,Cornell,167,865,Ivy League,1,NA,NA,Totals,-,-,-,NA,NA,0.24,0.325,0.355,151,NA,282,51,8,NA,23,136,117,35,8,19,229,28,13,NA,29,NA
118,2016,Cornell,167,865,Ivy League,1,NA,NA,Opponent Totals,-,-,-,NA,NA,0.296,0.393,0.425,233,NA,364,81,16,NA,15,213,157,47,14,14,226,27,19,NA,21,NA
119,2017,Cornell,167,865,Ivy League,1,1547005,http://stats.ncaa.org/player/index?game_sport_year_ctl_id=12560&org_id=167&stats_player_seq=1547005,"Wagner, Tommy",Sr,INF,15,38,38,0.296,0.343,0.355,23,152,45,2,2,54,1,22,9,4,4,NA,13,7,2,NA,1,NA
120,2017,Cornell,167,865,Ivy League,1,1884383,http://stats.ncaa.org/player/index?game_sport_year_ctl_id=12560&org_id=167&stats_player_seq=1884383,"Krainz, Ryan",Jr,INF,12,38,38,0.369,0.478,0.454,26,130,48,9,1,59,NA,10,28,1,2,1,16,4,5,NA,7,NA
121,2017,Cornell,167,865,Ivy League,1,1546995,http://stats.ncaa.org/player/index?game_sport_year_ctl_id=12560&org_id=167&stats_player_seq=1546995,"Padulo, Frankie",Sr,INF,8,38,38,0.293,0.397,0.431,24,116,34,6,2,50,2,21,19,3,3,1,19,4,2,NA,4,NA
122,2017,Cornell,167,865,Ivy League,1,1652419,http://stats.ncaa.org/player/index?game_sport_year_ctl_id=12560&org_id=167&stats_player_seq=1652419,"Baur, Trey",Jr,INF,35,35,33,0.301,0.389,0.389,19,113,34,7,NA,44,1,18,14,3,1,NA,25,1,NA,NA,1,NA
123,2017,Cornell,167,865,Ivy League,1,1652421,http://stats.ncaa.org/player/index?game_sport_year_ctl_id=12560&org_id=167&stats_player_seq=1652421,"Le Dorze, Pierre",Jr,OF,40,32,28,0.324,0.4,0.52,22,102,33,10,2,53,2,16,8,5,NA,NA,25,3,2,NA,2,NA
124,2017,Cornell,167,865,Ivy League,1,1779086,http://stats.ncaa.org/player/index?game_sport_year_ctl_id=12560&org_id=167&stats_player_seq=1779086,"Rutherford, Cole",Sr,1B,36,31,30,0.31,0.367,0.56,24,116,36,6,1,65,7,33,10,1,1,NA,29,5,NA,NA,NA,NA
125,2017,Cornell,167,865,Ivy League,1,1652397,http://stats.ncaa.org/player/index?game_sport_year_ctl_id=12560&org_id=167&stats_player_seq=1652397,"Bitar, Ellis",Jr,C,2,29,28,0.284,0.398,0.441,15,102,29,4,3,45,2,18,12,8,1,NA,25,2,3,NA,3,NA
126,2017,Cornell,167,865,Ivy League,1,1779078,http://stats.ncaa.org/player/index?game_sport_year_ctl_id=12560&org_id=167&stats_player_seq=1779078,"Arndt, Josh",So,INF,6,28,18,0.187,0.256,0.28,5,75,14,7,NA,21,NA,3,7,NA,NA,1,20,1,NA,NA,NA,NA
127,2017,Cornell,167,865,Ivy League,1,1652396,http://stats.ncaa.org/player/index?game_sport_year_ctl_id=12560&org_id=167&stats_player_seq=1652396,"Wickham, Dale",Jr,OF,5,25,25,0.406,0.482,0.531,25,96,39,12,NA,51,NA,17,10,4,NA,NA,13,2,1,NA,4,NA
128,2017,Cornell,167,865,Ivy League,1,1779085,http://stats.ncaa.org/player/index?game_sport_year_ctl_id=12560&org_id=167&stats_player_seq=1779085,"Simoneit, William",So,C,33,24,22,0.317,0.391,0.61,16,82,26,9,NA,50,5,28,7,3,NA,NA,14,3,NA,NA,1,NA
129,2017,Cornell,167,865,Ivy League,1,1884386,http://stats.ncaa.org/player/index?game_sport_year_ctl_id=12560&org_id=167&stats_player_seq=1884386,"Gallagher, Kyle",Jr,OF,27,20,18,0.243,0.264,0.314,6,70,17,5,NA,22,NA,6,2,NA,NA,NA,13,1,1,NA,1,NA
130,2017,Cornell,167,865,Ivy League,1,1884384,http://stats.ncaa.org/player/index?game_sport_year_ctl_id=12560&org_id=167&stats_player_seq=1884384,"Lepper, Kaleb",Fr,OF,19,19,18,0.183,0.262,0.211,9,71,13,2,NA,15,NA,5,8,NA,1,NA,16,1,1,NA,3,NA
131,2017,Cornell,167,865,Ivy League,1,1652420,http://stats.ncaa.org/player/index?game_sport_year_ctl_id=12560&org_id=167&stats_player_seq=1652420,"Lannoo, Peter",Sr,P,39,17,0,NA,NA,NA,NA,NA,NA,NA,NA,0,NA,NA,NA,NA,NA,NA,NA,NA,NA,NA,NA,NA
132,2017,Cornell,167,865,Ivy League,1,1884391,http://stats.ncaa.org/player/index?game_sport_year_ctl_id=12560&org_id=167&stats_player_seq=1884391,"Horton, Matt",Sr,P,37,13,0,NA,NA,NA,NA,NA,NA,NA,NA,0,NA,NA,NA,NA,NA,NA,NA,NA,NA,NA,NA,NA
133,2017,Cornell,167,865,Ivy League,1,1884390,http://stats.ncaa.org/player/index?game_sport_year_ctl_id=12560&org_id=167&stats_player_seq=1884390,"Bemiss, Jeb",Fr,P,32,13,0,NA,NA,NA,NA,NA,NA,NA,NA,0,NA,NA,NA,NA,NA,NA,NA,NA,NA,NA,NA,NA
134,2017,Cornell,167,865,Ivy League,1,1779083,http://stats.ncaa.org/player/index?game_sport_year_ctl_id=12560&org_id=167&stats_player_seq=1779083,"Flynn, Jamie",Sr,P,23,13,0,NA,NA,NA,NA,NA,NA,NA,NA,0,NA,NA,NA,NA,NA,NA,NA,NA,NA,NA,NA,NA
135,2017,Cornell,167,865,Ivy League,1,1884378,http://stats.ncaa.org/player/index?game_sport_year_ctl_id=12560&org_id=167&stats_player_seq=1884378,"Natoli, John",Fr,P,4,11,0,NA,NA,NA,NA,NA,NA,NA,NA,0,NA,NA,NA,NA,NA,NA,NA,NA,NA,NA,NA,NA
136,2017,Cornell,167,865,Ivy League,1,1546994,http://stats.ncaa.org/player/index?game_sport_year_ctl_id=12560&org_id=167&stats_player_seq=1546994,"Soltis, Scott",Sr,P,7,10,4,NA,NA,NA,NA,NA,NA,NA,NA,0,NA,NA,NA,NA,NA,NA,NA,NA,NA,NA,NA,NA
137,2017,Cornell,167,865,Ivy League,1,1547000,http://stats.ncaa.org/player/index?game_sport_year_ctl_id=12560&org_id=167&stats_player_seq=1547000,"Willittes, Tim",Sr,P,29,10,9,NA,NA,NA,NA,NA,NA,NA,NA,0,NA,NA,NA,NA,NA,NA,NA,NA,NA,NA,NA,NA
138,2017,Cornell,167,865,Ivy League,1,1652395,http://stats.ncaa.org/player/index?game_sport_year_ctl_id=12560&org_id=167&stats_player_seq=1652395,"Lewis, Justin",Jr,P,26,9,8,NA,NA,NA,NA,NA,NA,NA,NA,0,NA,NA,NA,NA,NA,NA,NA,NA,NA,NA,NA,NA
139,2017,Cornell,167,865,Ivy League,1,1884388,http://stats.ncaa.org/player/index?game_sport_year_ctl_id=12560&org_id=167&stats_player_seq=1884388,"Collins, Matt",Fr,INF,30,9,3,0.083,0.214,0.333,3,12,1,NA,NA,4,1,2,2,NA,NA,NA,5,NA,1,NA,NA,NA
140,2017,Cornell,167,865,Ivy League,1,1546998,http://stats.ncaa.org/player/index?game_sport_year_ctl_id=12560&org_id=167&stats_player_seq=1546998,"Balestrieri, Paul",Sr,P,22,9,9,NA,NA,NA,NA,NA,NA,NA,NA,0,NA,NA,NA,NA,NA,NA,NA,NA,NA,NA,NA,NA
141,2017,Cornell,167,865,Ivy League,1,1779088,http://stats.ncaa.org/player/index?game_sport_year_ctl_id=12560&org_id=167&stats_player_seq=1779088,"Blackstone, Mitch",So,C,21,8,4,0.136,0.167,0.182,1,22,3,1,NA,4,NA,2,1,NA,1,NA,10,NA,NA,NA,NA,NA
142,2017,Cornell,167,865,Ivy League,1,1884389,http://stats.ncaa.org/player/index?game_sport_year_ctl_id=12560&org_id=167&stats_player_seq=1884389,"Wyatt, Colby",Fr,P,31,8,2,NA,NA,NA,NA,NA,NA,NA,NA,0,NA,NA,NA,NA,NA,NA,NA,NA,NA,NA,NA,NA
143,2017,Cornell,167,865,Ivy League,1,1884404,http://stats.ncaa.org/player/index?game_sport_year_ctl_id=12560&org_id=167&stats_player_seq=1884404,"Morris, Tommy",Sr,P,34,5,5,NA,NA,NA,NA,NA,NA,NA,NA,0,NA,NA,NA,NA,NA,NA,NA,NA,NA,NA,NA,NA
144,2017,Cornell,167,865,Ivy League,1,1779079,http://stats.ncaa.org/player/index?game_sport_year_ctl_id=12560&org_id=167&stats_player_seq=1779079,"Saks, Adam",So,P,13,3,0,NA,NA,NA,NA,NA,NA,NA,NA,0,NA,NA,NA,NA,NA,NA,NA,NA,NA,NA,NA,NA
145,2017,Cornell,167,865,Ivy League,1,1779087,http://stats.ncaa.org/player/index?game_sport_year_ctl_id=12560&org_id=167&stats_player_seq=1779087,"Price, C.J.",Sr,C,3,3,1,0.167,0.375,0.167,2,6,1,NA,NA,1,NA,1,NA,2,NA,NA,2,NA,NA,NA,NA,NA
146,2017,Cornell,167,865,Ivy League,1,1779082,http://stats.ncaa.org/player/index?game_sport_year_ctl_id=12560&org_id=167&stats_player_seq=1779082,"Pannullo, Rob",Sr,P,20,2,0,NA,NA,NA,NA,NA,NA,NA,NA,0,NA,NA,NA,NA,NA,NA,NA,NA,NA,NA,NA,NA
147,2017,Cornell,167,865,Ivy League,1,1884387,http://stats.ncaa.org/player/index?game_sport_year_ctl_id=12560&org_id=167&stats_player_seq=1884387,"Cintron, Nick",Fr,P,28,1,0,NA,NA,NA,NA,NA,NA,NA,NA,0,NA,NA,NA,NA,NA,NA,NA,NA,NA,NA,NA,NA
148,2017,Cornell,167,865,Ivy League,1,1779081,http://stats.ncaa.org/player/index?game_sport_year_ctl_id=12560&org_id=167&stats_player_seq=1779081,"Morris, Parker",So,OF,17,1,1,NA,NA,NA,NA,NA,NA,NA,NA,0,NA,NA,NA,NA,NA,NA,NA,NA,NA,NA,NA,NA
149,2017,Cornell,167,865,Ivy League,1,NA,NA,Totals,-,-,-,NA,NA,0.295,0.375,0.425,220,NA,373,80,11,538,21,202,137,34,14,3,245,34,18,NA,27,NA
150,2017,Cornell,167,865,Ivy League,1,NA,NA,Opponent Totals,-,-,-,NA,NA,0.272,0.347,0.411,185,NA,327,65,7,493,29,171,115,28,13,15,216,25,18,NA,26,NA
151,2018,Cornell,167,865,Ivy League,1,1884386,http://stats.ncaa.org/player/index?game_sport_year_ctl_id=12973&org_id=167&stats_player_seq=1884386,"Gallagher, Kyle",Sr,OF,27,37,37,0.273,0.415,0.381,29,139,38,10,1,53,1,22,35,NA,2,NA,29,2,2,NA,4,NA
152,2018,Cornell,167,865,Ivy League,1,1884383,http://stats.ncaa.org/player/index?game_sport_year_ctl_id=12973&org_id=167&stats_player_seq=1884383,"Krainz, Ryan",Sr,INF,12,37,37,0.31,0.389,0.348,29,158,49,4,1,55,0,15,21,NA,1,NA,28,1,3,NA,11,NA
153,2018,Cornell,167,865,Ivy League,1,1779085,http://stats.ncaa.org/player/index?game_sport_year_ctl_id=12973&org_id=167&stats_player_seq=1779085,"Simoneit, William",Jr,C,33,37,37,0.308,0.38,0.406,17,143,44,8,0,58,2,27,13,6,4,NA,23,NA,2,NA,7,NA
154,2018,Cornell,167,865,Ivy League,1,1652397,http://stats.ncaa.org/player/index?game_sport_year_ctl_id=12973&org_id=167&stats_player_seq=1652397,"Bitar, Ellis",Sr,C,2,36,36,0.266,0.375,0.42,26,143,38,8,1,60,4,28,17,8,NA,NA,35,4,NA,NA,6,NA
155,2018,Cornell,167,865,Ivy League,1,1652396,http://stats.ncaa.org/player/index?game_sport_year_ctl_id=12973&org_id=167&stats_player_seq=1652396,"Wickham, Dale",Sr,OF,5,36,35,0.27,0.432,0.475,27,122,33,8,1,58,5,31,25,12,3,NA,26,1,NA,NA,NA,NA
156,2018,Cornell,167,865,Ivy League,1,1779078,http://stats.ncaa.org/player/index?game_sport_year_ctl_id=12973&org_id=167&stats_player_seq=1779078,"Arndt, Josh",Jr,INF,6,32,27,0.231,0.272,0.368,14,117,27,8,1,43,2,15,6,1,1,NA,27,1,1,NA,3,NA
157,2018,Cornell,167,865,Ivy League,1,1884384,http://stats.ncaa.org/player/index?game_sport_year_ctl_id=12973&org_id=167&stats_player_seq=1884384,"Lepper, Kaleb",So,OF,19,27,23,0.192,0.357,0.282,11,78,15,3,2,22,0,8,17,3,NA,2,17,1,2,NA,4,NA
158,2018,Cornell,167,865,Ivy League,1,1997328,http://stats.ncaa.org/player/index?game_sport_year_ctl_id=12973&org_id=167&stats_player_seq=1997328,"Garza, Ramon",Fr,INF,21,27,23,0.136,0.174,0.17,5,88,12,3,NA,15,NA,2,2,2,NA,NA,31,4,1,NA,4,NA
159,2018,Cornell,167,865,Ivy League,1,1652419,http://stats.ncaa.org/player/index?game_sport_year_ctl_id=12973&org_id=167&stats_player_seq=1652419,"Baur, Trey",Sr,INF,35,26,22,0.284,0.363,0.407,11,81,23,7,0,33,1,10,7,3,NA,1,24,3,NA,NA,3,NA
160,2018,Cornell,167,865,Ivy League,1,1997329,http://stats.ncaa.org/player/index?game_sport_year_ctl_id=12973&org_id=167&stats_player_seq=1997329,"Apostle, Jason",Fr,OF,25,24,19,0.197,0.321,0.273,8,66,13,2,0,18,1,11,10,3,2,2,24,2,1,NA,2,NA
161,2018,Cornell,167,865,Ivy League,1,1884389,http://stats.ncaa.org/player/index?game_sport_year_ctl_id=12973&org_id=167&stats_player_seq=1884389,"Wyatt, Colby",So,P,31,19,NA,NA,NA,NA,NA,NA,NA,0,0,0,0,NA,NA,NA,NA,NA,NA,NA,NA,NA,NA,NA
162,2018,Cornell,167,865,Ivy League,1,1652421,http://stats.ncaa.org/player/index?game_sport_year_ctl_id=12973&org_id=167&stats_player_seq=1652421,"Le Dorze, Pierre",Sr,OF,1,19,13,0.096,0.19,0.135,3,52,5,2,0,7,0,2,5,1,NA,NA,17,4,NA,NA,1,NA
163,2018,Cornell,167,865,Ivy League,1,1884388,http://stats.ncaa.org/player/index?game_sport_year_ctl_id=12973&org_id=167&stats_player_seq=1884388,"Collins, Matt",So,INF,15,19,13,0.205,0.347,0.308,10,39,8,2,1,12,0,4,8,1,1,NA,12,NA,NA,NA,1,NA
164,2018,Cornell,167,865,Ivy League,1,1997332,http://stats.ncaa.org/player/index?game_sport_year_ctl_id=12973&org_id=167&stats_player_seq=1997332,"Ellison, Andrew",So,P,40,16,NA,NA,NA,NA,NA,NA,NA,0,0,0,0,NA,NA,NA,NA,NA,NA,NA,NA,NA,NA,NA
165,2018,Cornell,167,865,Ivy League,1,1997347,http://stats.ncaa.org/player/index?game_sport_year_ctl_id=12973&org_id=167&stats_player_seq=1997347,"Matton, Kalani",Fr,INF,32,16,10,0.256,0.319,0.419,8,43,11,1,NA,18,2,7,3,1,NA,NA,9,NA,2,NA,1,NA
166,2018,Cornell,167,865,Ivy League,1,1783016,http://stats.ncaa.org/player/index?game_sport_year_ctl_id=12973&org_id=167&stats_player_seq=1783016,"Wahl, Austin",Sr,P,11,16,1,NA,NA,NA,NA,NA,NA,0,0,0,0,NA,NA,NA,NA,NA,NA,NA,NA,NA,NA,NA
167,2018,Cornell,167,865,Ivy League,1,1884390,http://stats.ncaa.org/player/index?game_sport_year_ctl_id=12973&org_id=167&stats_player_seq=1884390,"Bemiss, Jeb",So,P,22,15,2,NA,NA,NA,NA,NA,NA,0,0,0,0,NA,NA,NA,NA,NA,NA,NA,NA,NA,NA,NA
168,2018,Cornell,167,865,Ivy League,1,1779079,http://stats.ncaa.org/player/index?game_sport_year_ctl_id=12973&org_id=167&stats_player_seq=1779079,"Saks, Adam",Jr,P,13,13,3,NA,NA,NA,NA,NA,NA,0,0,0,0,NA,NA,NA,NA,NA,NA,NA,NA,NA,NA,NA
169,2018,Cornell,167,865,Ivy League,1,1997324,http://stats.ncaa.org/player/index?game_sport_year_ctl_id=12973&org_id=167&stats_player_seq=1997324,"Urbon, Seth",So,P,20,12,10,NA,NA,NA,NA,NA,NA,0,0,0,0,NA,NA,NA,NA,NA,NA,NA,NA,NA,NA,NA
170,2018,Cornell,167,865,Ivy League,1,1547000,http://stats.ncaa.org/player/index?game_sport_year_ctl_id=12973&org_id=167&stats_player_seq=1547000,"Willittes, Tim",Sr,P,36,11,11,NA,NA,NA,NA,NA,NA,0,0,0,0,NA,NA,NA,NA,NA,NA,NA,NA,NA,NA,NA
171,2018,Cornell,167,865,Ivy League,1,1884404,http://stats.ncaa.org/player/index?game_sport_year_ctl_id=12973&org_id=167&stats_player_seq=1884404,"Morris, Tommy",Sr,P,9,9,5,NA,NA,NA,NA,NA,NA,0,0,0,0,NA,NA,NA,NA,NA,NA,NA,NA,NA,NA,NA
172,2018,Cornell,167,865,Ivy League,1,1652394,http://stats.ncaa.org/player/index?game_sport_year_ctl_id=12973&org_id=167&stats_player_seq=1652394,"Fernandez, Tyler",Sr,P,23,9,5,NA,NA,NA,NA,NA,NA,0,0,0,0,NA,NA,NA,NA,NA,NA,NA,NA,NA,NA,NA
173,2018,Cornell,167,865,Ivy League,1,1778328,http://stats.ncaa.org/player/index?game_sport_year_ctl_id=12973&org_id=167&stats_player_seq=1778328,"McMenamy, Owen",Jr,P,7,5,NA,NA,NA,NA,NA,NA,NA,0,0,0,0,NA,NA,NA,NA,NA,NA,NA,NA,NA,NA,NA
174,2018,Cornell,167,865,Ivy League,1,1997331,http://stats.ncaa.org/player/index?game_sport_year_ctl_id=12973&org_id=167&stats_player_seq=1997331,"Bailey, Garrett",Fr,P,29,4,NA,NA,NA,NA,NA,NA,NA,0,0,0,0,NA,NA,NA,NA,NA,NA,NA,NA,NA,NA,NA
175,2018,Cornell,167,865,Ivy League,1,1997345,http://stats.ncaa.org/player/index?game_sport_year_ctl_id=12973&org_id=167&stats_player_seq=1997345,"Davis, Trevor",Fr,P,26,4,NA,NA,NA,NA,NA,NA,NA,0,0,0,0,NA,NA,NA,NA,NA,NA,NA,NA,NA,NA,NA
176,2018,Cornell,167,865,Ivy League,1,1779080,http://stats.ncaa.org/player/index?game_sport_year_ctl_id=12973&org_id=167&stats_player_seq=1779080,"Arnold, Austin",Jr,P,16,3,NA,NA,NA,NA,NA,NA,NA,0,0,0,0,NA,NA,NA,NA,NA,NA,NA,NA,NA,NA,NA
177,2018,Cornell,167,865,Ivy League,1,1997325,http://stats.ncaa.org/player/index?game_sport_year_ctl_id=12973&org_id=167&stats_player_seq=1997325,"Binnie, Nicholas",Fr,P,8,2,NA,NA,NA,NA,NA,NA,NA,0,0,0,0,NA,NA,NA,NA,NA,NA,NA,NA,NA,NA,NA
178,2018,Cornell,167,865,Ivy League,1,1884385,http://stats.ncaa.org/player/index?game_sport_year_ctl_id=12973&org_id=167&stats_player_seq=1884385,"Carnegie, Alex",So,INF,3,1,1,0,0,0,NA,1,NA,NA,NA,0,NA,NA,NA,NA,NA,NA,1,NA,NA,NA,NA,NA
179,2018,Cornell,167,865,Ivy League,1,1884378,http://stats.ncaa.org/player/index?game_sport_year_ctl_id=12973&org_id=167&stats_player_seq=1884378,"Natoli, John",So,P,4,1,NA,NA,NA,NA,NA,NA,NA,0,0,0,0,NA,NA,NA,NA,NA,NA,NA,NA,NA,NA,NA
180,2018,Cornell,167,865,Ivy League,1,NA,NA,Totals,-,-,-,NA,NA,0.249,0.352,0.356,198,NA,316,66,8,452,18,182,169,41,14,5,303,23,14,NA,47,NA
181,2018,Cornell,167,865,Ivy League,1,NA,NA,Opponent Totals,-,-,-,NA,NA,0.286,0.37,0.413,228,NA,369,78,11,532,21,200,143,40,21,18,242,24,12,NA,39,NA
182,2019,Cornell,167,865,Ivy League,1,1884388,http://stats.ncaa.org/player/index?game_sport_year_ctl_id=14781&org_id=167&stats_player_seq=1884388,"Collins, Matt",Jr,INF,15,38,36,0.217,0.314,0.325,13,120,26,5,1,39,2,7,15,2,NA,1,42,1,1,NA,10,NA
183,2019,Cornell,167,865,Ivy League,1,1779085,http://stats.ncaa.org/player/index?game_sport_year_ctl_id=14781&org_id=167&stats_player_seq=1779085,"Simoneit, William",Sr,C,33,38,37,0.299,0.357,0.493,17,144,43,10,0,71,6,19,8,5,NA,NA,13,6,NA,NA,6,NA
184,2019,Cornell,167,865,Ivy League,1,1779078,http://stats.ncaa.org/player/index?game_sport_year_ctl_id=14781&org_id=167&stats_player_seq=1779078,"Arndt, Josh",Sr,INF,6,38,38,0.214,0.285,0.303,16,145,31,8,1,44,1,15,14,2,4,NA,32,7,3,NA,6,NA
185,2019,Cornell,167,865,Ivy League,1,1997328,http://stats.ncaa.org/player/index?game_sport_year_ctl_id=14781&org_id=167&stats_player_seq=1997328,"Garza, Ramon",So,INF,21,37,37,0.219,0.272,0.299,13,137,30,8,0,41,1,11,9,2,3,1,23,4,2,NA,7,NA
186,2019,Cornell,167,865,Ivy League,1,1997325,http://stats.ncaa.org/player/index?game_sport_year_ctl_id=14781&org_id=167&stats_player_seq=1997325,"Binnie, Nicholas",So,P,2,34,30,0.257,0.316,0.305,13,105,27,5,0,32,0,7,8,1,NA,3,26,2,NA,NA,6,NA
187,2019,Cornell,167,865,Ivy League,1,1884385,http://stats.ncaa.org/player/index?game_sport_year_ctl_id=14781&org_id=167&stats_player_seq=1884385,"Carnegie, Alex",Jr,INF,3,32,31,0.144,0.211,0.207,8,111,16,2,1,23,1,18,6,4,2,1,35,2,NA,NA,2,NA
188,2019,Cornell,167,865,Ivy League,1,2111757,http://stats.ncaa.org/player/index?game_sport_year_ctl_id=14781&org_id=167&stats_player_seq=2111757,"Flematti, Austin",Fr,C,35,30,28,0.2,0.308,0.27,13,100,20,4,0,27,1,14,12,4,1,1,21,1,1,NA,2,NA
189,2019,Cornell,167,865,Ivy League,1,1997329,http://stats.ncaa.org/player/index?game_sport_year_ctl_id=14781&org_id=167&stats_player_seq=1997329,"Apostle, Jason",So,OF,25,28,23,0.233,0.333,0.315,6,73,17,4,1,23,0,3,8,3,NA,4,24,1,1,NA,3,NA
190,2019,Cornell,167,865,Ivy League,1,2111720,http://stats.ncaa.org/player/index?game_sport_year_ctl_id=14781&org_id=167&stats_player_seq=2111720,"Taylor, Justin",Fr,INF,9,27,27,0.204,0.324,0.215,5,93,19,1,0,20,0,3,16,1,1,2,24,3,3,NA,4,NA
191,2019,Cornell,167,865,Ivy League,1,1779079,http://stats.ncaa.org/player/index?game_sport_year_ctl_id=14781&org_id=167&stats_player_seq=1779079,"Saks, Adam",Sr,P,13,26,26,0.337,0.414,0.515,13,101,34,9,3,52,1,11,14,NA,1,4,11,1,4,NA,1,NA
192,2019,Cornell,167,865,Ivy League,1,1884378,http://stats.ncaa.org/player/index?game_sport_year_ctl_id=14781&org_id=167&stats_player_seq=1884378,"Natoli, John",Jr,P,34,19,1,NA,NA,NA,NA,NA,NA,0,0,0,0,NA,NA,NA,NA,NA,NA,NA,NA,NA,NA,NA
193,2019,Cornell,167,865,Ivy League,1,2111707,http://stats.ncaa.org/player/index?game_sport_year_ctl_id=14781&org_id=167&stats_player_seq=2111707,"Lillios, Nikolas",Fr,P,1,15,5,0.176,0.318,0.235,5,17,3,1,0,4,0,3,3,1,1,NA,NA,NA,NA,NA,NA,NA
194,2019,Cornell,167,865,Ivy League,1,1997345,http://stats.ncaa.org/player/index?game_sport_year_ctl_id=14781&org_id=167&stats_player_seq=1997345,"Davis, Trevor",So,P,26,14,NA,NA,NA,NA,NA,NA,NA,0,0,0,0,NA,NA,NA,NA,NA,NA,NA,NA,NA,NA,NA
195,2019,Cornell,167,865,Ivy League,1,2111755,http://stats.ncaa.org/player/index?game_sport_year_ctl_id=14781&org_id=167&stats_player_seq=2111755,"Zacharias, Jonathan",Fr,P,32,13,8,NA,NA,NA,NA,NA,NA,0,0,0,0,NA,NA,NA,NA,NA,NA,NA,NA,NA,NA,NA
196,2019,Cornell,167,865,Ivy League,1,2111724,http://stats.ncaa.org/player/index?game_sport_year_ctl_id=14781&org_id=167&stats_player_seq=2111724,"Yacinich, Luke",Fr,P,12,13,4,NA,NA,NA,NA,NA,NA,0,0,0,0,NA,NA,NA,NA,NA,NA,NA,NA,NA,NA,NA
197,2019,Cornell,167,865,Ivy League,1,1884389,http://stats.ncaa.org/player/index?game_sport_year_ctl_id=14781&org_id=167&stats_player_seq=1884389,"Wyatt, Colby",Jr,P,31,13,10,NA,NA,NA,NA,NA,NA,0,0,0,0,NA,NA,NA,NA,NA,NA,NA,NA,NA,NA,NA
198,2019,Cornell,167,865,Ivy League,1,1997347,http://stats.ncaa.org/player/index?game_sport_year_ctl_id=14781&org_id=167&stats_player_seq=1997347,"Matton, Kalani",So,INF,4,13,13,0.14,0.178,0.163,2,43,6,1,0,7,0,2,1,1,NA,1,14,NA,1,NA,1,NA
199,2019,Cornell,167,865,Ivy League,1,1884390,http://stats.ncaa.org/player/index?game_sport_year_ctl_id=14781&org_id=167&stats_player_seq=1884390,"Bemiss, Jeb",Jr,P,22,12,6,NA,NA,NA,NA,NA,NA,0,0,0,0,NA,NA,NA,NA,NA,NA,NA,NA,NA,NA,NA
200,2019,Cornell,167,865,Ivy League,1,2111716,http://stats.ncaa.org/player/index?game_sport_year_ctl_id=14781&org_id=167&stats_player_seq=2111716,"Cushing, Kevin",Fr,P,8,11,NA,NA,NA,NA,NA,NA,NA,0,0,0,0,NA,NA,NA,NA,NA,NA,NA,NA,NA,NA,NA
201,2019,Cornell,167,865,Ivy League,1,1997332,http://stats.ncaa.org/player/index?game_sport_year_ctl_id=14781&org_id=167&stats_player_seq=1997332,"Ellison, Andrew",Jr,P,40,11,2,NA,NA,NA,NA,NA,NA,0,0,0,0,NA,NA,NA,NA,NA,NA,NA,NA,NA,NA,NA
202,2019,Cornell,167,865,Ivy League,1,1779080,http://stats.ncaa.org/player/index?game_sport_year_ctl_id=14781&org_id=167&stats_player_seq=1779080,"Arnold, Austin",Sr,P,16,8,NA,NA,NA,NA,NA,NA,NA,0,0,0,0,NA,NA,NA,NA,NA,NA,NA,NA,NA,NA,NA
203,2019,Cornell,167,865,Ivy League,1,1997326,http://stats.ncaa.org/player/index?game_sport_year_ctl_id=14781&org_id=167&stats_player_seq=1997326,"Giuliano, Dave",So,OF,17,7,3,0.071,0.188,0.143,2,14,1,1,0,2,0,NA,2,NA,NA,NA,7,NA,NA,NA,NA,NA
204,2019,Cornell,167,865,Ivy League,1,1997324,http://stats.ncaa.org/player/index?game_sport_year_ctl_id=14781&org_id=167&stats_player_seq=1997324,"Urbon, Seth",Jr,P,20,7,7,NA,NA,NA,NA,NA,NA,0,0,0,0,NA,NA,NA,NA,NA,NA,NA,NA,NA,NA,NA
205,2019,Cornell,167,865,Ivy League,1,2111723,http://stats.ncaa.org/player/index?game_sport_year_ctl_id=14781&org_id=167&stats_player_seq=2111723,"Charles, Lachlan",Fr,OF,11,6,5,0.077,0.2,0.077,1,13,1,0,0,1,0,NA,2,NA,NA,NA,8,NA,1,NA,NA,NA
206,2019,Cornell,167,865,Ivy League,1,2111763,http://stats.ncaa.org/player/index?game_sport_year_ctl_id=14781&org_id=167&stats_player_seq=2111763,"Charles, Anthony",Jr,OF,41,4,1,0.167,0.25,0.167,1,6,1,0,0,1,0,2,NA,1,1,NA,2,NA,NA,NA,NA,NA
207,2019,Cornell,167,865,Ivy League,1,2111734,http://stats.ncaa.org/player/index?game_sport_year_ctl_id=14781&org_id=167&stats_player_seq=2111734,"Gilbert, William",Fr,P,27,2,NA,NA,NA,NA,NA,NA,NA,0,0,0,0,NA,NA,NA,NA,NA,NA,NA,NA,NA,NA,NA
208,2019,Cornell,167,865,Ivy League,1,1884384,http://stats.ncaa.org/player/index?game_sport_year_ctl_id=14781&org_id=167&stats_player_seq=1884384,"Lepper, Kaleb",Jr,OF,19,2,2,0,0.2,0,1,4,NA,0,0,0,0,NA,1,NA,NA,NA,3,NA,NA,NA,NA,NA
209,2019,Cornell,167,865,Ivy League,1,NA,NA,Totals,-,-,-,NA,NA,0.224,0.304,0.316,129,NA,275,59,7,387,13,115,119,27,14,18,285,28,17,NA,48,NA
210,2019,Cornell,167,865,Ivy League,1,NA,NA,Opponent Totals,-,-,-,NA,NA,0.277,0.349,0.392,203,NA,354,69,8,502,21,182,117,32,13,17,249,29,14,NA,42,NA
211,2020,Cornell,167,865,Ivy League,1,2347188,http://stats.ncaa.org/player/index?game_sport_year_ctl_id=15204&org_id=167&stats_player_seq=2347188,"Hollerbach, Joe",Fr,INF,30,9,8,9,0.242,0.31,3,29,5,1,0,9,1,4,2,1,1,NA,11,1,NA,NA,NA,NA
212,2020,Cornell,167,865,Ivy League,1,1884385,http://stats.ncaa.org/player/index?game_sport_year_ctl_id=15204&org_id=167&stats_player_seq=1884385,"Carnegie, Alex",Sr,INF,3,9,8,9,0.323,0.292,3,24,5,2,0,7,0,3,4,1,2,NA,10,NA,1,NA,NA,NA
213,2020,Cornell,167,865,Ivy League,1,1997347,http://stats.ncaa.org/player/index?game_sport_year_ctl_id=15204&org_id=167&stats_player_seq=1997347,"Matton, Kalani",Jr,INF,4,9,9,9,0.323,0.276,3,29,8,0,0,8,0,1,2,NA,NA,NA,9,1,NA,NA,1,NA
214,2020,Cornell,167,865,Ivy League,1,1997328,http://stats.ncaa.org/player/index?game_sport_year_ctl_id=15204&org_id=167&stats_player_seq=1997328,"Garza, Ramon",Jr,OF,21,9,9,9,0.306,0.3,4,30,5,1,0,9,1,4,5,1,NA,NA,10,2,NA,NA,1,NA
215,2020,Cornell,167,865,Ivy League,1,2347184,http://stats.ncaa.org/player/index?game_sport_year_ctl_id=15204&org_id=167&stats_player_seq=2347184,"Russell, Shane",Fr,INF,13,9,9,9,0.194,0.171,1,35,6,0,0,6,0,1,1,NA,NA,NA,17,NA,NA,NA,NA,NA
216,2020,Cornell,167,865,Ivy League,1,2347189,http://stats.ncaa.org/player/index?game_sport_year_ctl_id=15204&org_id=167&stats_player_seq=2347189,"Guy, Wils",Fr,OF,41,9,9,9,0.368,0.353,3,34,10,2,0,12,0,4,4,NA,NA,NA,7,NA,1,NA,NA,NA
217,2020,Cornell,167,865,Ivy League,1,2347213,http://stats.ncaa.org/player/index?game_sport_year_ctl_id=15204&org_id=167&stats_player_seq=2347213,"Steigerwald, Alexander",Fr,C,38,8,7,8,0.2,0.111,NA,18,2,0,0,2,0,NA,2,NA,NA,NA,8,NA,NA,NA,NA,NA
218,2020,Cornell,167,865,Ivy League,1,2347203,http://stats.ncaa.org/player/index?game_sport_year_ctl_id=15204&org_id=167&stats_player_seq=2347203,"Ross, Ryan",Fr,OF,6,7,5,7,0.2,0.111,NA,18,2,0,0,2,0,NA,2,NA,NA,NA,10,NA,NA,NA,NA,NA
219,2020,Cornell,167,865,Ivy League,1,1884384,http://stats.ncaa.org/player/index?game_sport_year_ctl_id=15204&org_id=167&stats_player_seq=1884384,"Lepper, Kaleb",Sr,OF,19,6,5,6,0.19,0.15,NA,20,3,0,0,3,0,1,1,NA,NA,1,9,NA,NA,NA,NA,NA
220,2020,Cornell,167,865,Ivy League,1,1884388,http://stats.ncaa.org/player/index?game_sport_year_ctl_id=15204&org_id=167&stats_player_seq=1884388,"Collins, Matt",Sr,INF,15,6,1,6,0.2,0.111,2,9,1,0,0,1,0,NA,1,NA,NA,NA,3,NA,NA,NA,NA,NA
221,2020,Cornell,167,865,Ivy League,1,1997325,http://stats.ncaa.org/player/index?game_sport_year_ctl_id=15204&org_id=167&stats_player_seq=1997325,"Binnie, Nicholas",Jr,OF,2,5,3,5,0.267,0.5,3,14,4,0,0,7,1,3,NA,NA,1,NA,2,NA,NA,NA,NA,NA
222,2020,Cornell,167,865,Ivy League,1,2111707,http://stats.ncaa.org/player/index?game_sport_year_ctl_id=15204&org_id=167&stats_player_seq=2111707,"Lillios, Nikolas",So,P,1,5,NA,5,NA,NA,NA,NA,NA,0,0,0,0,NA,NA,NA,NA,NA,NA,NA,NA,NA,NA,NA
223,2020,Cornell,167,865,Ivy League,1,2347220,http://stats.ncaa.org/player/index?game_sport_year_ctl_id=15204&org_id=167&stats_player_seq=2347220,"Alonso, Franco",Fr,INF,8,4,1,4,0,0,NA,5,NA,0,0,0,0,NA,NA,NA,NA,NA,4,NA,NA,NA,NA,NA
224,2020,Cornell,167,865,Ivy League,1,2347219,http://stats.ncaa.org/player/index?game_sport_year_ctl_id=15204&org_id=167&stats_player_seq=2347219,"Kaplan, Sam",Fr,OF,45,4,3,4,0.154,0,1,11,NA,0,0,0,0,NA,2,NA,NA,NA,8,NA,NA,NA,NA,NA
225,2020,Cornell,167,865,Ivy League,1,2111747,http://stats.ncaa.org/player/index?game_sport_year_ctl_id=15204&org_id=167&stats_player_seq=2111747,"Rodriguez, Diobel",Sr,C,23,3,2,3,0.444,0.286,NA,7,2,0,0,2,0,1,2,NA,NA,NA,NA,1,NA,NA,NA,NA
226,2020,Cornell,167,865,Ivy League,1,2111755,http://stats.ncaa.org/player/index?game_sport_year_ctl_id=15204&org_id=167&stats_player_seq=2111755,"Zacharias, Jonathan",So,P,32,3,NA,3,NA,NA,NA,NA,NA,0,0,0,0,NA,NA,NA,NA,NA,NA,NA,NA,NA,NA,NA
227,2020,Cornell,167,865,Ivy League,1,1997345,http://stats.ncaa.org/player/index?game_sport_year_ctl_id=15204&org_id=167&stats_player_seq=1997345,"Davis, Trevor",Jr,P,26,3,NA,3,NA,NA,NA,NA,NA,0,0,0,0,NA,NA,NA,NA,NA,NA,NA,NA,NA,NA,NA
228,2020,Cornell,167,865,Ivy League,1,1997324,http://stats.ncaa.org/player/index?game_sport_year_ctl_id=15204&org_id=167&stats_player_seq=1997324,"Urbon, Seth",Sr,P,20,3,NA,3,NA,NA,NA,NA,NA,0,0,0,0,NA,NA,NA,NA,NA,NA,NA,NA,NA,NA,NA
229,2020,Cornell,167,865,Ivy League,1,1884389,http://stats.ncaa.org/player/index?game_sport_year_ctl_id=15204&org_id=167&stats_player_seq=1884389,"Wyatt, Colby",Sr,P,31,3,3,3,NA,NA,NA,NA,NA,0,0,0,0,NA,NA,NA,NA,NA,NA,NA,NA,NA,NA,NA
230,2020,Cornell,167,865,Ivy League,1,2347211,http://stats.ncaa.org/player/index?game_sport_year_ctl_id=15204&org_id=167&stats_player_seq=2347211,"Edwards, Spencer",Fr,P,28,3,3,3,NA,NA,NA,NA,NA,0,0,0,0,NA,NA,NA,NA,NA,NA,NA,NA,NA,NA,NA
231,2020,Cornell,167,865,Ivy League,1,1884378,http://stats.ncaa.org/player/index?game_sport_year_ctl_id=15204&org_id=167&stats_player_seq=1884378,"Natoli, John",Sr,P,34,3,3,3,NA,NA,NA,NA,NA,0,0,0,0,NA,NA,NA,NA,NA,NA,NA,NA,NA,NA,NA
232,2020,Cornell,167,865,Ivy League,1,2111724,http://stats.ncaa.org/player/index?game_sport_year_ctl_id=15204&org_id=167&stats_player_seq=2111724,"Yacinich, Luke",So,P,12,3,NA,3,NA,NA,NA,NA,NA,0,0,0,0,NA,NA,NA,NA,NA,NA,NA,NA,NA,NA,NA
233,2020,Cornell,167,865,Ivy League,1,2111716,http://stats.ncaa.org/player/index?game_sport_year_ctl_id=15204&org_id=167&stats_player_seq=2111716,"Cushing, Kevin",So,P,33,3,NA,3,NA,NA,NA,NA,NA,0,0,0,0,NA,NA,NA,NA,NA,NA,NA,NA,NA,NA,NA
234,2020,Cornell,167,865,Ivy League,1,1997332,http://stats.ncaa.org/player/index?game_sport_year_ctl_id=15204&org_id=167&stats_player_seq=1997332,"Ellison, Andrew",Sr,P,40,3,NA,3,NA,NA,NA,NA,NA,0,0,0,0,NA,NA,NA,NA,NA,NA,NA,NA,NA,NA,NA
235,2020,Cornell,167,865,Ivy League,1,2111763,http://stats.ncaa.org/player/index?game_sport_year_ctl_id=15204&org_id=167&stats_player_seq=2111763,"Charles, Anthony",Sr,OF,7,2,2,2,0,0,NA,5,NA,0,0,0,0,NA,NA,NA,NA,NA,3,NA,NA,NA,NA,NA
236,2020,Cornell,167,865,Ivy League,1,NA,NA,Totals,-,-,-,NA,NA,0.184,0.26,0.236,23,288,53,6,0,68,3,22,28,3,4,1,111,5,2,NA,2,NA
237,2020,Cornell,167,865,Ivy League,1,NA,NA,Opponent Totals,-,-,-,NA,NA,9,0.39,0.43,60,293,79,14,3,126,9,46,50,11,5,3,79,5,5,NA,10,NA
238,2022,Cornell,167,865,Ivy League,1,2347189,http://stats.ncaa.org/player/index?game_sport_year_ctl_id=15860&org_id=167&stats_player_seq=2347189,"Guy, Wils",Jr,OF,5,36,34,0.252,0.368,0.402,20,127,32,7,NA,51,4,18,20,4,1,2,31,1,2,2,9,NA
239,2022,Cornell,167,865,Ivy League,1,2347188,http://stats.ncaa.org/player/index?game_sport_year_ctl_id=15860&org_id=167&stats_player_seq=2347188,"Hollerbach, Joe",Jr,INF,30,36,36,0.287,0.357,0.433,20,150,43,9,2,65,3,19,17,NA,1,NA,49,6,NA,2,7,NA
240,2022,Cornell,167,865,Ivy League,1,2679906,http://stats.ncaa.org/player/index?game_sport_year_ctl_id=15860&org_id=167&stats_player_seq=2679906,"Jensen, Max",Fr,INF,41,35,33,0.338,0.403,0.554,28,130,44,15,2,72,3,26,14,2,3,NA,18,1,NA,NA,4,NA
241,2022,Cornell,167,865,Ivy League,1,2679847,http://stats.ncaa.org/player/index?game_sport_year_ctl_id=15860&org_id=167&stats_player_seq=2679847,"Porter, Ryan",Fr,INF,38,35,31,0.231,0.359,0.385,22,104,24,3,2,40,3,21,22,1,4,2,31,1,1,NA,9,NA
242,2022,Cornell,167,865,Ivy League,1,2679905,http://stats.ncaa.org/player/index?game_sport_year_ctl_id=15860&org_id=167&stats_player_seq=2679905,"Waugh, Nathan",So,C,40,32,27,0.31,0.403,0.57,18,100,31,5,3,57,5,18,14,3,2,NA,37,NA,NA,NA,NA,NA
243,2022,Cornell,167,865,Ivy League,1,1997329,http://stats.ncaa.org/player/index?game_sport_year_ctl_id=15860&org_id=167&stats_player_seq=1997329,"Apostle, Jason",Sr,OF,25,31,24,0.277,0.394,0.41,14,83,23,2,NA,34,3,8,8,8,NA,1,31,1,NA,NA,3,NA
244,2022,Cornell,167,865,Ivy League,1,2679864,http://stats.ncaa.org/player/index?game_sport_year_ctl_id=15860&org_id=167&stats_player_seq=2679864,"Barnhorst, Matt",So,OF,2,31,30,0.214,0.331,0.339,23,112,24,8,NA,38,2,8,15,5,1,NA,38,1,2,NA,9,NA
245,2022,Cornell,167,865,Ivy League,1,2347219,http://stats.ncaa.org/player/index?game_sport_year_ctl_id=15860&org_id=167&stats_player_seq=2347219,"Kaplan, Sam",Jr,OF,15,29,22,0.311,0.344,0.656,17,90,28,6,2,59,7,26,5,NA,1,NA,35,2,2,NA,NA,NA
246,2022,Cornell,167,865,Ivy League,1,2347203,http://stats.ncaa.org/player/index?game_sport_year_ctl_id=15860&org_id=167&stats_player_seq=2347203,"Ross, Ryan",Jr,INF,3,29,26,0.191,0.333,0.382,15,89,17,4,2,34,3,14,14,5,NA,NA,39,3,2,NA,2,NA
247,2022,Cornell,167,865,Ivy League,1,2111757,http://stats.ncaa.org/player/index?game_sport_year_ctl_id=15860&org_id=167&stats_player_seq=2111757,"Flematti, Austin",Sr,OF,35,22,20,0.222,0.3,0.284,10,81,18,3,1,23,NA,9,9,NA,NA,NA,18,4,NA,NA,NA,NA
248,2022,Cornell,167,865,Ivy League,1,2679881,http://stats.ncaa.org/player/index?game_sport_year_ctl_id=15860&org_id=167&stats_player_seq=2679881,"Davis, Jakobi",Fr,OF,22,20,18,0.169,0.296,0.22,12,59,10,1,1,13,NA,9,10,1,1,1,26,1,NA,NA,5,NA
249,2022,Cornell,167,865,Ivy League,1,2679883,http://stats.ncaa.org/player/index?game_sport_year_ctl_id=15860&org_id=167&stats_player_seq=2679883,"Mack, Braden",So,C,23,20,8,0.148,0.233,0.185,5,27,4,1,NA,5,NA,2,2,1,NA,NA,10,1,NA,NA,NA,NA
250,2022,Cornell,167,865,Ivy League,1,2111716,http://stats.ncaa.org/player/index?game_sport_year_ctl_id=15860&org_id=167&stats_player_seq=2111716,"Cushing, Kevin",Sr,P,33,18,3,NA,NA,NA,NA,NA,NA,NA,NA,0,NA,NA,NA,NA,NA,NA,NA,NA,NA,NA,NA,NA
251,2022,Cornell,167,865,Ivy League,1,2111734,http://stats.ncaa.org/player/index?game_sport_year_ctl_id=15860&org_id=167&stats_player_seq=2111734,"Gilbert, William",Sr,P,27,18,0,NA,NA,NA,NA,NA,NA,NA,NA,0,NA,NA,NA,NA,NA,NA,NA,NA,NA,NA,NA,NA
252,2022,Cornell,167,865,Ivy League,1,2347220,http://stats.ncaa.org/player/index?game_sport_year_ctl_id=15860&org_id=167&stats_player_seq=2347220,"Alonso, Franco",So,INF,8,18,5,0,0.2,0,2,12,NA,NA,NA,0,NA,NA,3,NA,NA,1,7,NA,NA,NA,1,NA
253,2022,Cornell,167,865,Ivy League,1,2679877,http://stats.ncaa.org/player/index?game_sport_year_ctl_id=15860&org_id=167&stats_player_seq=2679877,"Ellison, Chris",Fr,P,20,18,4,NA,NA,NA,NA,NA,NA,NA,NA,0,NA,NA,NA,NA,NA,NA,NA,NA,NA,NA,NA,NA
254,2022,Cornell,167,865,Ivy League,1,2111723,http://stats.ncaa.org/player/index?game_sport_year_ctl_id=15860&org_id=167&stats_player_seq=2111723,"Charles, Lachlan",Sr,OF,11,15,4,0.111,0.172,0.185,2,27,3,2,NA,5,NA,3,2,NA,NA,NA,11,NA,1,NA,NA,NA
255,2022,Cornell,167,865,Ivy League,1,2111724,http://stats.ncaa.org/player/index?game_sport_year_ctl_id=15860&org_id=167&stats_player_seq=2111724,"Yacinich, Luke",Sr,P,12,13,11,NA,NA,NA,NA,NA,NA,NA,NA,0,NA,NA,NA,NA,NA,NA,NA,NA,NA,NA,NA,NA
256,2022,Cornell,167,865,Ivy League,1,2347211,http://stats.ncaa.org/player/index?game_sport_year_ctl_id=15860&org_id=167&stats_player_seq=2347211,"Edwards, Spencer",Jr,P,28,13,12,NA,NA,NA,NA,NA,NA,NA,NA,0,NA,NA,NA,NA,NA,NA,NA,NA,NA,NA,NA,NA
257,2022,Cornell,167,865,Ivy League,1,2679862,http://stats.ncaa.org/player/index?game_sport_year_ctl_id=15860&org_id=167&stats_player_seq=2679862,"Quinlan, John",Fr,C,1,12,1,0.294,0.294,0.353,2,17,5,1,NA,6,NA,NA,NA,NA,NA,NA,7,NA,NA,NA,NA,NA
258,2022,Cornell,167,865,Ivy League,1,2679900,http://stats.ncaa.org/player/index?game_sport_year_ctl_id=15860&org_id=167&stats_player_seq=2679900,"Baker, Von",So,P,34,12,4,NA,NA,NA,NA,NA,NA,NA,NA,0,NA,NA,NA,NA,NA,NA,NA,NA,NA,NA,NA,NA
259,2022,Cornell,167,865,Ivy League,1,2347184,http://stats.ncaa.org/player/index?game_sport_year_ctl_id=15860&org_id=167&stats_player_seq=2347184,"Russell, Shane",Jr,1B,13,9,3,0.154,0.154,0.154,NA,13,2,NA,NA,2,NA,2,NA,NA,NA,NA,10,NA,NA,NA,NA,NA
260,2022,Cornell,167,865,Ivy League,1,2679874,http://stats.ncaa.org/player/index?game_sport_year_ctl_id=15860&org_id=167&stats_player_seq=2679874,"Musser, Kyle",Fr,OF,19,8,2,0.059,0.111,0.059,2,17,1,NA,NA,1,NA,2,1,NA,NA,NA,8,NA,NA,NA,NA,NA
261,2022,Cornell,167,865,Ivy League,1,2679896,http://stats.ncaa.org/player/index?game_sport_year_ctl_id=15860&org_id=167&stats_player_seq=2679896,"Long, Will",Fr,P,29,8,1,NA,NA,NA,NA,NA,NA,NA,NA,0,NA,NA,NA,NA,NA,NA,NA,NA,NA,NA,NA,NA
262,2022,Cornell,167,865,Ivy League,1,2679886,http://stats.ncaa.org/player/index?game_sport_year_ctl_id=15860&org_id=167&stats_player_seq=2679886,"Clancy, Tom",Fr,P,26,6,0,NA,NA,NA,NA,NA,NA,NA,NA,0,NA,NA,NA,NA,NA,NA,NA,NA,NA,NA,NA,NA
263,2022,Cornell,167,865,Ivy League,1,2347216,http://stats.ncaa.org/player/index?game_sport_year_ctl_id=15860&org_id=167&stats_player_seq=2347216,"Diaz, Elijah",Jr,OF,21,5,1,0,0.333,0,1,6,NA,NA,NA,0,NA,NA,3,NA,NA,NA,3,NA,1,NA,NA,NA
264,2022,Cornell,167,865,Ivy League,1,2111755,http://stats.ncaa.org/player/index?game_sport_year_ctl_id=15860&org_id=167&stats_player_seq=2111755,"Zacharias, Jonathan",Sr,P,32,3,0,NA,NA,NA,NA,NA,NA,NA,NA,0,NA,NA,NA,NA,NA,NA,NA,NA,NA,NA,NA,NA
265,2022,Cornell,167,865,Ivy League,1,2679846,http://stats.ncaa.org/player/index?game_sport_year_ctl_id=15860&org_id=167&stats_player_seq=2679846,"Baur, Griffin",So,INF,6,2,0,0,0,0,NA,2,NA,NA,NA,0,NA,NA,NA,NA,NA,NA,2,NA,NA,NA,NA,NA
266,2022,Cornell,167,865,Ivy League,1,2679872,http://stats.ncaa.org/player/index?game_sport_year_ctl_id=15860&org_id=167&stats_player_seq=2679872,"Stephens, William",So,P,17,1,0,NA,NA,NA,NA,NA,NA,NA,NA,0,NA,NA,NA,NA,NA,NA,NA,NA,NA,NA,NA,NA
267,2022,Cornell,167,865,Ivy League,1,NA,NA,Totals,-,-,-,NA,NA,0.248,0.344,0.405,213,NA,309,67,15,505,33,185,159,30,14,7,411,22,11,4,49,NA
268,2022,Cornell,167,865,Ivy League,1,NA,NA,Opponent Totals,-,-,-,NA,NA,0.301,0.43,0.485,358,NA,377,78,13,607,42,310,231,73,26,17,234,21,11,3,69,NA
269,2023,Cornell,167,865,Ivy League,1,2347219,http://stats.ncaa.org/player/index?game_sport_year_ctl_id=16340&org_id=167&stats_player_seq=2347219,"Kaplan, Sam",Sr,OF,15,35,35,0.277,0.329,0.475,13,141,39,8,1,67,6,24,11,NA,NA,NA,49,4,1,NA,1,NA
270,2023,Cornell,167,865,Ivy League,1,2679906,http://stats.ncaa.org/player/index?game_sport_year_ctl_id=16340&org_id=167&stats_player_seq=2679906,"Jensen, Max",So,INF,7,35,35,0.248,0.356,0.346,23,133,33,10,NA,46,1,23,20,4,3,NA,27,2,NA,NA,4,NA
271,2023,Cornell,167,865,Ivy League,1,2679881,http://stats.ncaa.org/player/index?game_sport_year_ctl_id=16340&org_id=167&stats_player_seq=2679881,"Davis, Jakobi",So,OF,22,34,32,0.269,0.384,0.394,14,104,28,5,1,41,2,10,18,2,1,2,34,3,5,1,13,NA
272,2023,Cornell,167,865,Ivy League,1,2679862,http://stats.ncaa.org/player/index?game_sport_year_ctl_id=16340&org_id=167&stats_player_seq=2679862,"Quinlan, John",So,C,1,33,31,0.278,0.373,0.365,28,126,35,6,1,46,1,14,18,3,3,NA,30,1,3,1,8,NA
273,2023,Cornell,167,865,Ivy League,1,2679847,http://stats.ncaa.org/player/index?game_sport_year_ctl_id=16340&org_id=167&stats_player_seq=2679847,"Porter, Ryan",So,INF,12,32,28,0.216,0.306,0.34,11,97,21,3,NA,33,3,10,8,5,1,NA,32,NA,NA,NA,9,NA
274,2023,Cornell,167,865,Ivy League,1,2679864,http://stats.ncaa.org/player/index?game_sport_year_ctl_id=16340&org_id=167&stats_player_seq=2679864,"Barnhorst, Matt",Jr,OF,2,29,27,0.194,0.257,0.333,13,93,18,4,NA,31,3,15,7,2,3,2,31,2,2,NA,7,NA
275,2023,Cornell,167,865,Ivy League,1,2347189,http://stats.ncaa.org/player/index?game_sport_year_ctl_id=16340&org_id=167&stats_player_seq=2347189,"Guy, Wils",Sr,OF,11,29,26,0.25,0.314,0.365,13,96,24,6,1,35,1,7,7,2,NA,5,19,1,2,1,5,NA
276,2023,Cornell,167,865,Ivy League,1,2679905,http://stats.ncaa.org/player/index?game_sport_year_ctl_id=16340&org_id=167&stats_player_seq=2679905,"Waugh, Nathan",Jr,C,40,28,28,0.33,0.423,0.573,21,103,34,7,NA,59,6,23,14,4,2,NA,32,NA,NA,NA,NA,NA
277,2023,Cornell,167,865,Ivy League,1,2347188,http://stats.ncaa.org/player/index?game_sport_year_ctl_id=16340&org_id=167&stats_player_seq=2347188,"Hollerbach, Joe",Sr,INF,30,27,27,0.26,0.333,0.42,13,100,26,2,1,42,4,14,7,4,NA,NA,22,2,1,NA,NA,NA
278,2023,Cornell,167,865,Ivy League,1,2347203,http://stats.ncaa.org/player/index?game_sport_year_ctl_id=16340&org_id=167&stats_player_seq=2347203,"Ross, Ryan",Sr,INF,3,21,14,0.167,0.322,0.333,6,48,8,NA,1,16,2,5,11,NA,NA,NA,21,1,NA,1,NA,NA
279,2023,Cornell,167,865,Ivy League,1,2808891,http://stats.ncaa.org/player/index?game_sport_year_ctl_id=16340&org_id=167&stats_player_seq=2808891,"Urofsky, Beck",Fr,UT,25,18,2,0,0.5,0,1,3,NA,NA,NA,0,NA,NA,2,1,NA,NA,NA,NA,NA,NA,NA,NA
280,2023,Cornell,167,865,Ivy League,1,2808894,http://stats.ncaa.org/player/index?game_sport_year_ctl_id=16340&org_id=167&stats_player_seq=2808894,"Mayfield, Carson",Fr,P,32,18,0,NA,NA,NA,NA,NA,NA,NA,NA,0,NA,NA,NA,NA,NA,NA,NA,NA,NA,NA,NA,NA
281,2023,Cornell,167,865,Ivy League,1,2347211,http://stats.ncaa.org/player/index?game_sport_year_ctl_id=16340&org_id=167&stats_player_seq=2347211,"Edwards, Spencer",Sr,P,28,18,4,NA,NA,NA,NA,NA,NA,NA,NA,0,NA,NA,NA,NA,NA,NA,NA,NA,NA,NA,NA,NA
282,2023,Cornell,167,865,Ivy League,1,2679874,http://stats.ncaa.org/player/index?game_sport_year_ctl_id=16340&org_id=167&stats_player_seq=2679874,"Musser, Kyle",So,OF,6,16,11,0.238,0.304,0.286,5,42,10,2,NA,12,NA,5,4,NA,NA,NA,11,2,1,NA,3,NA
283,2023,Cornell,167,865,Ivy League,1,2808870,http://stats.ncaa.org/player/index?game_sport_year_ctl_id=16340&org_id=167&stats_player_seq=2808870,"Swidorski, TJ",Fr,INF,18,15,14,0.229,0.333,0.354,8,48,11,3,NA,17,1,6,7,1,1,1,17,NA,1,NA,1,NA
284,2023,Cornell,167,865,Ivy League,1,2679900,http://stats.ncaa.org/player/index?game_sport_year_ctl_id=16340&org_id=167&stats_player_seq=2679900,"Baker, Von",Jr,P,34,13,8,NA,NA,NA,NA,NA,NA,NA,NA,0,NA,NA,NA,NA,NA,NA,NA,NA,NA,NA,NA,NA
285,2023,Cornell,167,865,Ivy League,1,2808888,http://stats.ncaa.org/player/index?game_sport_year_ctl_id=16340&org_id=167&stats_player_seq=2808888,"Keller, Noah",Fr,P,19,12,11,NA,NA,NA,NA,NA,NA,NA,NA,0,NA,NA,NA,NA,NA,NA,NA,NA,NA,NA,NA,NA
286,2023,Cornell,167,865,Ivy League,1,2808889,http://stats.ncaa.org/player/index?game_sport_year_ctl_id=16340&org_id=167&stats_player_seq=2808889,"Hamill, Ethan",Fr,P,20,11,11,NA,NA,NA,NA,NA,NA,NA,NA,0,NA,NA,NA,NA,NA,NA,NA,NA,NA,NA,NA,NA
287,2023,Cornell,167,865,Ivy League,1,2347216,http://stats.ncaa.org/player/index?game_sport_year_ctl_id=16340&org_id=167&stats_player_seq=2347216,"Diaz, Elijah",Sr,OF,21,11,2,0.167,0.333,0.167,2,12,2,NA,NA,2,NA,NA,3,NA,NA,NA,5,1,NA,NA,2,NA
288,2023,Cornell,167,865,Ivy League,1,2808869,http://stats.ncaa.org/player/index?game_sport_year_ctl_id=16340&org_id=167&stats_player_seq=2808869,"Wildman, Caden",Fr,OF,4,10,2,0.071,0.133,0.143,2,14,1,1,NA,2,NA,1,NA,1,NA,NA,10,1,NA,NA,NA,NA
289,2023,Cornell,167,865,Ivy League,1,2808893,http://stats.ncaa.org/player/index?game_sport_year_ctl_id=16340&org_id=167&stats_player_seq=2808893,"Gerfen, John",Fr,P,31,10,0,NA,NA,NA,NA,NA,NA,NA,NA,0,NA,NA,NA,NA,NA,NA,NA,NA,NA,NA,NA,NA
290,2023,Cornell,167,865,Ivy League,1,2347190,http://stats.ncaa.org/player/index?game_sport_year_ctl_id=16340&org_id=167&stats_player_seq=2347190,"Biben, August",Sr,P,45,9,0,NA,NA,NA,NA,NA,NA,NA,NA,0,NA,NA,NA,NA,NA,NA,NA,NA,NA,NA,NA,NA
291,2023,Cornell,167,865,Ivy League,1,2679872,http://stats.ncaa.org/player/index?game_sport_year_ctl_id=16340&org_id=167&stats_player_seq=2679872,"Stephens, William",Jr,P,17,8,0,NA,NA,NA,NA,NA,NA,NA,NA,0,NA,NA,NA,NA,NA,NA,NA,NA,NA,NA,NA,NA
292,2023,Cornell,167,865,Ivy League,1,2347184,http://stats.ncaa.org/player/index?game_sport_year_ctl_id=16340&org_id=167&stats_player_seq=2347184,"Russell, Shane",Sr,1B,13,8,0,0.125,0.222,0.25,NA,8,1,1,NA,2,NA,NA,1,NA,NA,NA,6,NA,NA,NA,NA,NA
293,2023,Cornell,167,865,Ivy League,1,2808897,http://stats.ncaa.org/player/index?game_sport_year_ctl_id=16340&org_id=167&stats_player_seq=2808897,"Shea, Josh",Fr,P,42,6,0,NA,NA,NA,NA,NA,NA,NA,NA,0,NA,NA,NA,NA,NA,NA,NA,NA,NA,NA,NA,NA
294,2023,Cornell,167,865,Ivy League,1,2679850,http://stats.ncaa.org/player/index?game_sport_year_ctl_id=16340&org_id=167&stats_player_seq=2679850,"Kimura, Story",Jr,P,9,4,0,NA,NA,NA,NA,NA,NA,NA,NA,0,NA,NA,NA,NA,NA,NA,NA,NA,NA,NA,NA,NA
295,2023,Cornell,167,865,Ivy League,1,2679877,http://stats.ncaa.org/player/index?game_sport_year_ctl_id=16340&org_id=167&stats_player_seq=2679877,"Ellison, Chris",So,P,5,3,0,NA,NA,NA,NA,NA,NA,NA,NA,0,NA,NA,NA,NA,NA,NA,NA,NA,NA,NA,NA,NA
296,2023,Cornell,167,865,Ivy League,1,2679896,http://stats.ncaa.org/player/index?game_sport_year_ctl_id=16340&org_id=167&stats_player_seq=2679896,"Long, Will",So,P,16,3,0,NA,NA,NA,NA,NA,NA,NA,NA,0,NA,NA,NA,NA,NA,NA,NA,NA,NA,NA,NA,NA
297,2023,Cornell,167,865,Ivy League,1,2808895,http://stats.ncaa.org/player/index?game_sport_year_ctl_id=16340&org_id=167&stats_player_seq=2808895,"Walters, Matthew",Fr,UT,36,2,1,0,0,0,NA,3,NA,NA,NA,0,NA,NA,NA,NA,NA,NA,1,NA,NA,NA,NA,NA
298,2023,Cornell,167,865,Ivy League,1,2679886,http://stats.ncaa.org/player/index?game_sport_year_ctl_id=16340&org_id=167&stats_player_seq=2679886,"Clancy, Tom",So,P,26,1,0,NA,NA,NA,NA,NA,NA,NA,NA,0,NA,NA,NA,NA,NA,NA,NA,NA,NA,NA,NA,NA
299,2023,Cornell,167,865,Ivy League,1,2347220,http://stats.ncaa.org/player/index?game_sport_year_ctl_id=16340&org_id=167&stats_player_seq=2347220,"Alonso, Franco",Jr,INF,8,1,1,0,0,0,NA,3,NA,NA,NA,0,NA,NA,NA,NA,NA,NA,2,NA,NA,NA,NA,NA
300,2023,Cornell,167,865,Ivy League,1,NA,NA,Totals,-,-,-,NA,NA,0.248,0.338,0.384,173,NA,291,58,6,451,30,157,138,29,14,10,349,20,16,4,53,NA
301,2023,Cornell,167,865,Ivy League,1,NA,NA,Opponent Totals,-,-,-,NA,NA,0.285,0.413,0.447,262,NA,330,61,6,517,38,228,205,56,13,14,223,27,19,8,79,NA
302,2024,Cornell,167,865,Ivy League,1,2808869,http://stats.ncaa.org/player/index?game_sport_year_ctl_id=16580&org_id=167&stats_player_seq=2808869,"Wildman, Caden",So,OF,4,17,17,0.333,0.436,0.424,14,66,22,3,NA,28,1,6,8,4,NA,1,13,2,1,1,2,NA
303,2024,Cornell,167,865,Ivy League,1,2679905,http://stats.ncaa.org/player/index?game_sport_year_ctl_id=16580&org_id=167&stats_player_seq=2679905,"Waugh, Nathan",Sr,C,40,17,17,0.3,0.38,0.514,13,70,21,3,NA,36,4,20,8,1,NA,NA,23,2,NA,NA,NA,NA
304,2024,Cornell,167,865,Ivy League,1,2679906,http://stats.ncaa.org/player/index?game_sport_year_ctl_id=16580&org_id=167&stats_player_seq=2679906,"Jensen, Max",Jr,INF,7,16,16,0.333,0.479,0.579,15,57,19,4,2,33,2,9,11,5,NA,1,5,2,NA,1,1,NA
305,2024,Cornell,167,865,Ivy League,1,2679864,http://stats.ncaa.org/player/index?game_sport_year_ctl_id=16580&org_id=167&stats_player_seq=2679864,"Barnhorst, Matt",Sr,OF,2,15,15,0.263,0.323,0.491,8,57,15,1,NA,28,4,12,5,NA,NA,1,17,1,2,NA,2,NA
306,2024,Cornell,167,865,Ivy League,1,2679881,http://stats.ncaa.org/player/index?game_sport_year_ctl_id=16580&org_id=167&stats_player_seq=2679881,"Davis, Jakobi",Jr,OF,22,15,15,0.269,0.356,0.481,14,52,14,3,1,25,2,8,5,2,NA,2,24,NA,1,NA,3,NA
307,2024,Cornell,167,865,Ivy League,1,2679883,http://stats.ncaa.org/player/index?game_sport_year_ctl_id=16580&org_id=167&stats_player_seq=2679883,"Mack, Braden",Sr,UT,23,13,10,0.341,0.386,0.488,9,41,14,3,NA,20,1,11,NA,3,NA,NA,5,2,2,NA,NA,NA
308,2024,Cornell,167,865,Ivy League,1,2679862,http://stats.ncaa.org/player/index?game_sport_year_ctl_id=16580&org_id=167&stats_player_seq=2679862,"Quinlan, John",Jr,C,1,12,12,0.32,0.393,0.48,13,50,16,2,NA,24,2,5,4,2,NA,1,10,1,NA,1,4,NA
309,2024,Cornell,167,865,Ivy League,1,2949232,http://stats.ncaa.org/player/index?game_sport_year_ctl_id=16580&org_id=167&stats_player_seq=2949232,"Johnson, Luke",Fr,INF,8,12,9,0.175,0.267,0.225,5,40,7,2,NA,9,NA,2,2,3,NA,NA,11,NA,NA,NA,1,NA
310,2024,Cornell,167,865,Ivy League,1,2949235,http://stats.ncaa.org/player/index?game_sport_year_ctl_id=16580&org_id=167&stats_player_seq=2949235,"Carlson, Owen",Fr,INF,15,11,4,0.273,0.36,0.318,3,22,6,1,NA,7,NA,NA,3,NA,NA,NA,6,NA,NA,NA,1,NA
311,2024,Cornell,167,865,Ivy League,1,2679847,http://stats.ncaa.org/player/index?game_sport_year_ctl_id=16580&org_id=167&stats_player_seq=2679847,"Porter, Ryan",Jr,INF,12,11,7,0.192,0.3,0.231,4,26,5,1,NA,6,NA,3,4,NA,NA,NA,8,1,1,NA,NA,NA
312,2024,Cornell,167,865,Ivy League,1,2949242,http://stats.ncaa.org/player/index?game_sport_year_ctl_id=16580&org_id=167&stats_player_seq=2949242,"Hager, Kevin",Fr,INF,20,10,8,0.212,0.257,0.333,2,33,7,1,NA,11,1,3,1,1,NA,NA,5,1,NA,NA,NA,NA
313,2024,Cornell,167,865,Ivy League,1,2679902,http://stats.ncaa.org/player/index?game_sport_year_ctl_id=16580&org_id=167&stats_player_seq=2679902,"Jaun, William",Jr,UT,30,9,9,0.158,0.238,0.211,NA,19,3,1,NA,4,NA,1,2,NA,NA,NA,4,NA,NA,NA,NA,NA
314,2024,Cornell,167,865,Ivy League,1,2808870,http://stats.ncaa.org/player/index?game_sport_year_ctl_id=16580&org_id=167&stats_player_seq=2808870,"Swidorski, TJ",So,INF,18,9,9,0.207,0.351,0.276,3,29,6,2,NA,8,NA,3,4,3,1,1,9,1,1,NA,1,NA
315,2024,Cornell,167,865,Ivy League,1,2949239,http://stats.ncaa.org/player/index?game_sport_year_ctl_id=16580&org_id=167&stats_player_seq=2949239,"Quatrani, Mark",Fr,UT,19,9,8,0.258,0.324,0.806,6,31,8,NA,1,25,5,15,2,1,NA,NA,6,2,NA,NA,NA,NA
316,2024,Cornell,167,865,Ivy League,1,2949255,http://stats.ncaa.org/player/index?game_sport_year_ctl_id=16580&org_id=167&stats_player_seq=2949255,"Holcombe, Huxley",Fr,P,37,9,1,0,0.5,0,NA,1,NA,NA,NA,0,NA,NA,NA,1,NA,NA,NA,NA,NA,NA,NA,NA
317,2024,Cornell,167,865,Ivy League,1,2679900,http://stats.ncaa.org/player/index?game_sport_year_ctl_id=16580&org_id=167&stats_player_seq=2679900,"Baker, Von",Sr,P,33,7,1,NA,NA,NA,NA,NA,NA,NA,NA,0,NA,NA,NA,NA,NA,NA,NA,NA,NA,NA,NA,NA
318,2024,Cornell,167,865,Ivy League,1,2808889,http://stats.ncaa.org/player/index?game_sport_year_ctl_id=16580&org_id=167&stats_player_seq=2808889,"Hamill, Ethan",So,P,13,6,3,NA,NA,NA,NA,NA,NA,NA,NA,0,NA,NA,NA,NA,NA,NA,NA,NA,NA,NA,NA,NA
319,2024,Cornell,167,865,Ivy League,1,2808888,http://stats.ncaa.org/player/index?game_sport_year_ctl_id=16580&org_id=167&stats_player_seq=2808888,"Keller, Noah",So,P,16,6,2,NA,NA,NA,NA,NA,NA,NA,NA,0,NA,NA,NA,NA,NA,NA,NA,NA,NA,NA,NA,NA
320,2024,Cornell,167,865,Ivy League,1,2679877,http://stats.ncaa.org/player/index?game_sport_year_ctl_id=16580&org_id=167&stats_player_seq=2679877,"Ellison, Chris",Jr,P,3,6,0,NA,NA,NA,NA,NA,NA,NA,NA,0,NA,NA,NA,NA,NA,NA,NA,NA,NA,NA,NA,NA
321,2024,Cornell,167,865,Ivy League,1,2949245,http://stats.ncaa.org/player/index?game_sport_year_ctl_id=16580&org_id=167&stats_player_seq=2949245,"Foster, Max",Fr,P,28,6,0,NA,NA,NA,NA,NA,NA,NA,NA,0,NA,NA,NA,NA,NA,NA,NA,NA,NA,NA,NA,NA
322,2024,Cornell,167,865,Ivy League,1,2808894,http://stats.ncaa.org/player/index?game_sport_year_ctl_id=16580&org_id=167&stats_player_seq=2808894,"Mayfield, Carson",So,P,32,6,6,NA,NA,NA,NA,NA,NA,NA,NA,0,NA,NA,NA,NA,NA,NA,NA,NA,NA,NA,NA,NA
323,2024,Cornell,167,865,Ivy League,1,2679850,http://stats.ncaa.org/player/index?game_sport_year_ctl_id=16580&org_id=167&stats_player_seq=2679850,"Kimura, Story",Sr,P,9,5,0,NA,NA,NA,NA,NA,NA,NA,NA,0,NA,NA,NA,NA,NA,NA,NA,NA,NA,NA,NA,NA
324,2024,Cornell,167,865,Ivy League,1,2949253,http://stats.ncaa.org/player/index?game_sport_year_ctl_id=16580&org_id=167&stats_player_seq=2949253,"Jennewein, Nathaniel",Fr,P,36,5,0,NA,NA,NA,NA,NA,NA,NA,NA,0,NA,NA,NA,NA,NA,NA,NA,NA,NA,NA,NA,NA
325,2024,Cornell,167,865,Ivy League,1,2808891,http://stats.ncaa.org/player/index?game_sport_year_ctl_id=16580&org_id=167&stats_player_seq=2808891,"Urofsky, Beck",So,UT,25,2,0,0,0,0,NA,1,NA,NA,NA,0,NA,NA,NA,NA,NA,NA,1,NA,NA,NA,NA,NA
326,2024,Cornell,167,865,Ivy League,1,2679874,http://stats.ncaa.org/player/index?game_sport_year_ctl_id=16580&org_id=167&stats_player_seq=2679874,"Musser, Kyle",Jr,OF,6,1,1,0.25,0.25,0.25,NA,4,1,NA,NA,1,NA,NA,NA,NA,NA,NA,NA,NA,NA,NA,NA,NA
327,2024,Cornell,167,865,Ivy League,1,2679872,http://stats.ncaa.org/player/index?game_sport_year_ctl_id=16580&org_id=167&stats_player_seq=2679872,"Stephens, William",Sr,P,17,1,0,NA,NA,NA,NA,NA,NA,NA,NA,0,NA,NA,NA,NA,NA,NA,NA,NA,NA,NA,NA,NA
328,2024,Cornell,167,865,Ivy League,1,2808893,http://stats.ncaa.org/player/index?game_sport_year_ctl_id=16580&org_id=167&stats_player_seq=2808893,"Gerfen, John",So,P,21,1,0,NA,NA,NA,NA,NA,NA,NA,NA,0,NA,NA,NA,NA,NA,NA,NA,NA,NA,NA,NA,NA
329,2024,Cornell,167,865,Ivy League,1,NA,NA,Totals,-,-,-,NA,NA,0.274,0.364,0.442,109,599,164,27,4,265,22,98,59,26,1,7,147,15,8,3,15,NA
330,2024,Cornell,167,865,Ivy League,1,NA,NA,Opponent Totals,-,-,-,NA,NA,0.285,0.411,0.48,129,571,163,33,6,274,22,121,107,19,6,5,112,13,3,2,25,NA
